"study_id","site_id","year","month","day","latitude","longitude","Seagrass_species","Min_sed_depth","Vial_ID","Vial_weight","Vial_and_sample_weight","Sample_weight","Subcore_volume","Depth_center","Depth_min","Depth_max","Interval_thickness","DBD","LOI","Sed_Ctot","Sed_Corg","Sed_Cinorg","Sed_N","Sed_P","Sed_d13C","EA_method","Corg_dens_interval","Corg_dens_accu","depth_interval_notes"
"Krause_et_al_2025_Cambodia","PD12",2024,5,8,"29.3255","125.4427","Halodule pinifolia","200","T5","13.77","18.773","5.003","10","3","0","4.3","4.3","0.5003","8.51159926093201","2.77232193946838","2.68308855808202","0.0892333813863622","0.204794809222221","0.0252724725","-26.2","measured","5.77210158411627","5.77210158411627","2.5cm stopper to sed surface"
"Krause_et_al_2025_Cambodia","PD12",2024,5,8,"29.3255","125.4427","Halodule pinifolia","200","W3","13.807","18.704","4.897","10","5.6","4.3","7","2.7","0.4897","9.68402366863907",NA,"3.06305668639054","0.0892333813863622","0.204794809222221","0.0278766326357827",NA,"predicted","4.04994292017871","9.82204450429498","2.5cm stopper to sed surface"
"Krause_et_al_2025_Cambodia","PD12",2024,5,8,"29.3255","125.4427","Halodule pinifolia","200","V11","13.854","18.842","4.988","9","8.4","7","9.8","2.8","0.554222222222222","9.72088124286853","2.73639917373657","2.68027806802531","0.05612110571126","0.202831581234932","0.025170806595092",NA,"measured","4.15931506769653","13.9813595719915","2.5cm stopper to sed surface"
"Krause_et_al_2025_Cambodia","PD12",2024,5,8,"29.3255","125.4427","Halodule pinifolia","200","X1","13.83","20.918","7.088","10","11.2","9.8","13.8","4","0.7088","6.96398104265406","1.90128195285797","1.84444938550625","0.0568325673517246","0.134073838591576","0.0243144945",NA,"measured","5.22938289778731","19.2107424697788","2.5cm stopper to sed surface"
"Krause_et_al_2025_Cambodia","PD12",2024,5,8,"29.3255","125.4427","Halodule pinifolia","200","W8","13.904","21.479","7.575","10","16.4","13.8","19.3","5.5","0.7575","6.08352359208524","1.70903027057648","1.65638098311331","0.0526492874631715","0.122237838804722","0.0189330730756579",NA,"measured","6.90089727089581","26.1116397406746","2.5cm stopper to sed surface"
"Krause_et_al_2025_Cambodia","PD12",2024,5,8,"29.3255","125.4427","Halodule pinifolia","200","U2","13.821","22.947","9.126","10","22.2","19.3","24.9","5.6","0.9126","4.08293612964715","1.4034411907196","1.35178731059336","0.0516538801262452","0.0958002656698227","0.0192821577596439",NA,"measured","6.908390158026","33.0200298987006","2.5cm stopper to sed surface"
"Krause_et_al_2025_Cambodia","PD12",2024,5,8,"29.3255","125.4427","Halodule pinifolia","200","Q11","13.877","23.445","9.568","10","27.6","24.9","32.9","8.00000000000001","0.9568","4.06240829502102",NA,"1.28493974371515","0.0516538801262452","0.0958002656698227","0.0179457167325228",NA,"predicted","9.83544277429324","42.8554726729939","2.5cm stopper to sed surface"
"Krause_et_al_2025_Cambodia","PD12",2024,5,8,"29.3255","125.4427","Halodule pinifolia","200","T6","13.979","20.964","6.985","7","38.2","32.9","44","11.1","0.997857142857143","3.9481649640559","1.06160271167755","1.01040345102209","0.0511992606554622","0.0682815462350845","0.0346449061046512",NA,"measured","11.1914451385459","54.0469178115397","2.5cm stopper to sed surface"
"Krause_et_al_2025_Cambodia","PD12",2024,5,8,"29.3255","125.4427","Halodule pinifolia","200","U12","13.881","24.054","10.173","10","49.8","44","60.7","16.7","1.0173","3.35744089012522","0.866013526916504","0.816488723274999","0.0495248036415048","0.0475168414413929","0.0426625915789474","-25.05","measured","13.8712534357339","67.9181712472736","2.5cm stopper to sed surface"
"Krause_et_al_2025_Cambodia","PD12",2024,5,8,"29.3255","125.4427","Halodule pinifolia","200","W2","13.698","24.823","11.125","9","71.6","60.7","79.7","19","1.23611111111111","2.11592985403751","0.742929816246033","0.690179057887553","0.0527507583584798","0.0467425547540188","0.0204342363679245",NA,"measured","16.209622040109","84.1277932873826","2.5cm stopper to sed surface"
"Krause_et_al_2025_Cambodia","PD12",2024,5,8,"29.3255","125.4427","Halodule pinifolia","200","V9","13.752","25.114","11.362","9","87.8","79.7","100","20.3","1.26244444444444","2.56638864921875","0.85764616727829","0.794011700876838","0.0636344664014519","0.0412170551717281","0.018848370775076","-25.255","measured","20.3486319100957","104.476425197478","2.5cm stopper to sed surface"
"Krause_et_al_2025_Cambodia","PD19",2024,5,8,"29.3676","125.0724","Halodule pinifolia","200","X7","13.775","21.633","7.858","8","3.4","0","4.7","4.7","0.98225","1.87179735086539","0.640330255031586","0.572395042487423","0.0679352125441625","0","0.0263872730288461","-23.32","measured","2.64250464327138","2.64250464327138","Stopper at sed surface"
"Krause_et_al_2025_Cambodia","PD19",2024,5,8,"29.3676","125.0724","Halodule pinifolia","200","W10","13.782","20.098","6.316","5.4","6","4.7","7.4","2.7","1.16962962962963","1.76833136952765","0.695068418979645","0.642932461561505","0.0521359574181395","0.0541255660355091","0.00920077155963303",NA,"measured","2.03038071361123","4.67288535688261","Stopper at sed surface"
"Krause_et_al_2025_Cambodia","PD19",2024,5,8,"29.3676","125.0724","Halodule pinifolia","200","W11","13.568","23.114","9.546","9","8.8","7.4","10.2","2.8","1.06066666666667","2.09817026405169","0.890742361545563","0.80285228885791","0.0878900726876522","0.0649495422840118","0.0097038504054054",NA,"measured","2.38436425093615","7.05724960781875","Stopper at sed surface"
"Krause_et_al_2025_Cambodia","PD19",2024,5,8,"29.3676","125.0724","Halodule pinifolia","200","W4","13.811","22.685","8.874","8","11.6","10.2","14.3","4.1","1.10925","2.02354672553334","0.816648900508881","0.751215647122082","0.0654332533867988","0.0488712452352047","0.0079202277027027",NA,"measured","3.4164724219377","10.4737220297564","Stopper at sed surface"
"Krause_et_al_2025_Cambodia","PD19",2024,5,8,"29.3676","125.0724","Halodule pinifolia","200","R8","13.821","21.745","7.924","8","17","14.3","19.8","5.5","0.9905","3.32629886443583",NA,"1.05210833082105","0.0654332533867988","0.0488712452352047","0.0142928671381579",NA,"predicted","5.7316231592304","16.2053451889868","Stopper at sed surface"
"Krause_et_al_2025_Cambodia","PD19",2024,5,8,"29.3676","125.0724","Halodule pinifolia","200","T4","13.648","22.689","9.041","8","22.6","19.8","28","8.2","1.130125","2.57746992344154","0.787690341472626","0.738215367988599","0.0494749734840263","0.0444928668439388","0.0153236884337349",NA,"measured","6.84106027053455","23.0464054595214","Stopper at sed surface"
"Krause_et_al_2025_Cambodia","PD19",2024,5,8,"29.3676","125.0724","Halodule pinifolia","200","S7","13.858","22.766","8.908","9","33.4","28","38.9","10.9","0.989777777777778","3.09957552175452","1.02090680599213","0.97859986049812","0.0423069454940068","0.0454541854560375","0.0151699502941176","-25.7","measured","10.5577007083064","33.6041061678278","Stopper at sed surface"
"Krause_et_al_2025_Cambodia","PD19",2024,5,8,"29.3676","125.0724","Halodule pinifolia","200","U1","13.884","18.725","4.841","7","44.4","38.9","55.3","16.4","0.691571428571429","7.19940094137796","2.31979131698608","2.25096054836848","0.0688307686176056","0.083738163113594","0.0238082286378738",NA,"measured","25.5298800343271","59.1339862021549","Stopper at sed surface"
"Krause_et_al_2025_Cambodia","PD19",2024,5,8,"29.3676","125.0724","Halodule pinifolia","200","R10","13.935","19.129","5.194","9","66.2","55.3","77.1","21.8","0.577111111111111","5.83521310696891","1.8364976644516","1.77441521198536","0.0620824524662415","0.0873041301965714","0.0277590829968454",NA,"measured","22.3239572134369","81.4579434155919","Stopper at sed surface"
"Krause_et_al_2025_Cambodia","PD19",2024,5,8,"29.3676","125.0724","Halodule pinifolia","200","R7","13.762","16.084","2.322","4","88","77.1","94.9","17.8","0.5805","6.29892836999435","3.43915414810181","1.4310737150884","2.00808043301341","0.0945344120264053","0.0542977803908795",NA,"measured","14.7871415906369","96.2450850062288","Stopper at sed surface"
"Krause_et_al_2025_Cambodia","PD19",2024,5,8,"29.3676","125.0724","Halodule pinifolia","200","S5","13.64","17.558","3.918","5.4","101.8","94.9","105","10.1","0.725555555555555","5.18097783717573","5.31713199615479","2.10783137960229","3.20930061655249","0.0670949220657349","0.0900227773322684","-22.84","measured","15.4464225532122","111.691507559441","Stopper at sed surface"
"Krause_et_al_2025_Cambodia","PD20",2024,5,7,"29.3846","125.0513","Halodule pinifolia","200","V7","13.85","15.409","1.559","5","1","0","2.4","2.4","0.3118","11.0891558646854","3.69741296768188","3.60251470487518","0.0948982628067079","0.280940443277359","0.0269925591428571","-22.47","measured","2.69583380395219","2.69583380395219",NA
"Krause_et_al_2025_Cambodia","PD20",2024,5,7,"29.3846","125.0513","Halodule pinifolia","200","V4","13.579","16.587","3.008","7.9","3.8","2.4","5.1","2.7","0.380759493670886","13.7374121223636",NA,"4.34514345430359","0.0948982628067079","0.280940443277359","0.0266046377635783",NA,"predicted","4.4670274782876","7.16286128223979",NA
"Krause_et_al_2025_Cambodia","PD20",2024,5,7,"29.3846","125.0513","Halodule pinifolia","200","R5","13.645","16.145","2.5","6","6.4","5.1","7.8","2.7","0.416666666666667","14.116554777889","4.79729461669922","4.69089114213193","0.10640347456729","0.342544943094254","0.0274541134690554",NA,"measured","5.27725253489842","12.4401138171382",NA
"Krause_et_al_2025_Cambodia","PD20",2024,5,7,"29.3846","125.0513","Halodule pinifolia","200","S4","13.783","17.611","3.828","9","9.2","7.8","12","4.2","0.425333333333333","12.714465696942",NA,"4.02158549994274","0.10640347456729","0.342544943094254","0.0283721987264151",NA,"predicted","7.18416033709771","19.6242741542359",NA
"Krause_et_al_2025_Cambodia","PD20",2024,5,7,"29.3846","125.0513","Halodule pinifolia","200","S1","13.777","17.917","4.14","9","14.8","12","17.6","5.6","0.46","12.110110948294","4.08989000320435","4.01613535386016","0.073754649344182","0.276563107967377","0.0277904417727273",NA,"measured","10.3455646715438","29.9698388257797",NA
"Krause_et_al_2025_Cambodia","PD20",2024,5,7,"29.3846","125.0513","Halodule pinifolia","200","R3","13.746","19.415","5.669","9","20.4","17.6","25.9","8.3","0.629888888888889","8.05908947534442","2.7763512134552","2.70264156386389","0.0737096495913062","0.166924178600311","0.0204657227227723",NA,"measured","14.1296203013354","44.0994591271151",NA
"Krause_et_al_2025_Cambodia","PD20",2024,5,7,"29.3846","125.0513","Halodule pinifolia","200","R12","13.747","19.762","6.015","8","31.4","25.9","36.7","10.8","0.751875","6.64001728608455","1.91430914402008","1.84942017966928","0.0648889643507999","0.116259768605232","0.020914297996988",NA,"measured","15.0177542139595","59.1172133410746",NA
"Krause_et_al_2025_Cambodia","PD20",2024,5,7,"29.3846","125.0513","Halodule pinifolia","200","R2","13.675","23.61","9.935","10","42","36.7","47.5","10.8","0.9935","4.00054318305256","1.60954439640045","1.53581032273033","0.0737340736701187","0.0834263414144516","0.0155006241891892",NA,"measured","16.4789376008319","75.5961509419065",NA
"Krause_et_al_2025_Cambodia","PD20",2024,5,7,"29.3846","125.0513","Halodule pinifolia","200","S12","13.958","24.127","10.169","9","53","47.5","63.9","16.4","1.12988888888889","2.25665436176412","1.20399641990662","1.1517612682232","0.0522351516834119","0.0692443996667862","0.0137244562267081","-24.75","measured","21.3423410577348","96.9384919996413",NA
"Krause_et_al_2025_Cambodia","PD20",2024,5,7,"29.3846","125.0513","Halodule pinifolia","200","R11","13.634","20.466","6.832","6","74.8","63.9","84.2","20.3","1.13866666666667","2.90017361111111","1.75647139549255","1.16142976710262","0.59504162838993","0.0381095558404922","0.0329380097021944",NA,"measured","26.846371637926","123.784863637567",NA
"Krause_et_al_2025_Cambodia","PD20",2024,5,7,"29.3846","125.0513","Halodule pinifolia","200","S9","13.948","20.328","6.38","7","93.6","84.2","100","15.8","0.911428571428571","5.07405270244271","1.84279906749725","1.78074259422426","0.0620564732729965","0.069372683763504","0.0182267807926829","-25.555","measured","25.643710924026","149.428574561593",NA
"Krause_et_al_2025_Cambodia","PD22",2024,5,7,"29.2527","124.9959","Halodule pinifolia","200","W6","13.806","17.758","3.952","7","0.2","0","1.85","1.85","0.564571428571429","6.21417106168308","2.10500621795654","2.10500621795654","0","0.113850973546505","0.0227147982857143","-25.53","measured","2.19858878010341","2.19858878010341","4cm stopper to sed surface"
"Krause_et_al_2025_Cambodia","PD22",2024,5,7,"29.2527","124.9959","Halodule pinifolia","200","W5","13.666","17.125","3.459","7","3.5","1.85","4.75","2.9","0.494142857142857","9.94905290659698",NA,"3.14688543435662","0","0.113850973546505","0.0209078779846154",NA,"predicted","4.50953178293925","6.70812056304266","4cm stopper to sed surface"
"Krause_et_al_2025_Cambodia","PD22",2024,5,7,"29.2527","124.9959","Halodule pinifolia","200","V1","13.741","19.13","5.389","8.6","6","4.75","7.35","2.6","0.626627906976744","9.44645441389294","3.50415706634521","3.45033505804178","0.053822008303438","0.166334137320518","0.0183330110377358",NA,"measured","5.62139821305192","12.3295187760946","4cm stopper to sed surface"
"Krause_et_al_2025_Cambodia","PD22",2024,5,7,"29.2527","124.9959","Halodule pinifolia","200","V8","13.964","19.443","5.479","9","8.7","7.35","11.55","4.2","0.608777777777778","9.63899245248703",NA,"3.04881331272165","0.053822008303438","0.166334137320518","0.0198228552777778",NA,"predicted","7.79540913218756","20.1249279082821","4cm stopper to sed surface"
"Krause_et_al_2025_Cambodia","PD22",2024,5,7,"29.2527","124.9959","Halodule pinifolia","200","V2","13.774","20.035","6.261","10","14.4","11.55","17","5.45","0.6261","6.79734291625826","2.74588227272034","2.69845265351819","0.0474296192021447","0.127034679055214","0.0200035935",NA,"measured","9.20778157470418","29.3327094829863","4cm stopper to sed surface"
"Krause_et_al_2025_Cambodia","PD22",2024,5,7,"29.2527","124.9959","Halodule pinifolia","200","V3","13.64","21.266","7.626","9","19.6","17","25.1","8.1","0.847333333333333","6.95886958869591",NA,"2.20109045090452","0.0474296192021447","0.127034679055214","0.0178248793890675",NA,"predicted","15.1069642007381","44.4396736837244","4cm stopper to sed surface"
"Krause_et_al_2025_Cambodia","PD22",2024,5,7,"29.2527","124.9959","Halodule pinifolia","200","V6","13.808","17.986","4.178","9","30.6","25.1","35.9","10.8","0.464222222222222","10.0181895998289","3.4857577085495","3.4857577085495","0","0.15969043970108","0.0212450121362229","-26.25","measured","17.4761948475838","61.9158685313082","4cm stopper to sed surface"
"Krause_et_al_2025_Cambodia","PD22",2024,5,7,"29.2527","124.9959","Halodule pinifolia","200","V5","13.859","17.683","3.824","5","41.2","35.9","47","11.1","0.7648","5.04606813799018","2.32155501842499","2.23784757195428","0.0837074464707066","0.0688889101147652","0.0451644806426332",NA,"measured","18.99771463564","80.9135831669482","4cm stopper to sed surface"
"Krause_et_al_2025_Cambodia","PD22",2024,5,7,"29.2527","124.9959","Halodule pinifolia","200","U10","13.952","17.52","3.568","4.6","52.8","47","63.5","16.5","0.775652173913043","7.951923076923","3.6202220916748","3.20862097564512","0.411601116029689","0.109015837311745","0.0353226286238532","-25.405","measured","41.0647682778651","121.978351444813","4cm stopper to sed surface"
"Krause_et_al_2025_Cambodia","PD22",2024,5,7,"29.2527","124.9959","Halodule pinifolia","200","U9","13.837","18.955","5.118","9","74.2","63.5","80.8","17.3","0.568666666666667","7.52173446388313","2.63635230064392","2.29934813467822","0.337004165965702","0.108605332672596","0.0674235045",NA,"measured","22.6208336590887","144.599185103902","4cm stopper to sed surface"
"Krause_et_al_2025_Cambodia","PD22",2024,5,7,"29.2527","124.9959","Halodule pinifolia","200","U8","13.614","16.419","2.805","4.8","87.4","80.8","100","19.2","0.584375","7.70450751252093","2.34071111679077","2.34071111679077","0","0.094075545668602","0.0705441880882353","-22.86","measured","26.2627787303924","170.861963834294","4cm stopper to sed surface"
"Krause_et_al_2025_Cambodia","PD23",2024,5,10,"28.5454","125.7416","Halodule pinifolia","200","L2","13.746","17.029","3.283","7","1.2","0","2.4","2.4","0.469","9.32589964521022","2.97682428359985","2.97682428359985","0","0.182382151484489","0.0234836974778761","-25.04","measured","3.35071341362","3.35071341362","1.4cm stopper to sed surface"
"Krause_et_al_2025_Cambodia","PD23",2024,5,10,"28.5454","125.7416","Halodule pinifolia","200","L1","13.955","19.506","5.551","8","3.6","2.4","5","2.6","0.693875","7.3876993166287",NA,"2.33672929384966","0","0.182382151484489","0.0239351559437086",NA,"predicted","4.21563490080182","7.56634831442182","1.4cm stopper to sed surface"
"Krause_et_al_2025_Cambodia","PD23",2024,5,10,"28.5454","125.7416","Halodule pinifolia","200","M12","13.77","21.045","7.275","9","6.4","5","7.6","2.6","0.808333333333334","6.85000000000002","2.29828298091888","2.29828298091888","0","0.114528626203537","0.0199039168495298",NA,"measured","4.83022473156452","12.3965730459863","1.4cm stopper to sed surface"
"Krause_et_al_2025_Cambodia","PD23",2024,5,10,"28.5454","125.7416","Halodule pinifolia","200","M11","13.687","23.979","10.292","9","8.8","7.6","9.9","2.3","1.14355555555556","2.91949113195282",NA,"0.923435045036677","0","0.114528626203537","0.015656453006135",NA,"predicted","2.42879833467669","14.825371380663","1.4cm stopper to sed surface"
"Krause_et_al_2025_Cambodia","PD23",2024,5,10,"28.5454","125.7416","Halodule pinifolia","200","M10","13.76","19.563","5.803","7","11","9.9","15.4","5.5","0.829","7.76642796967148","3.10320281982422","3.10320281982422","0","0.121073104441166","0.0172038937164179",NA,"measured","14.1490532569885","28.9744246376516","1.4cm stopper to sed surface"
"Krause_et_al_2025_Cambodia","PD23",2024,5,10,"28.5454","125.7416","Halodule pinifolia","200","E11","13.232","21.188","7.956","10","19.8","15.4","24.9","9.5","0.7956","6.32433848572179",NA,"2.0003882630338","0","0.121073104441166","0.0194503831428571",NA,"predicted","15.1193345696621","44.0937592073136","1.4cm stopper to sed surface"
"Krause_et_al_2025_Cambodia","PD23",2024,5,10,"28.5454","125.7416","Halodule pinifolia","200","E10","13.216","20.938","7.722","10","30","24.9","35.5","10.6","0.7722","9.01109660574407","3.42909777164459","3.42909777164459","0","0.103491056710482","0.0188885437864078","-27.43","measured","28.0682625721979","72.1620217795116","1.4cm stopper to sed surface"
"Krause_et_al_2025_Cambodia","PD23",2024,5,10,"28.5454","125.7416","Halodule pinifolia","200","K11","13.957","24.005","10.048","10","41","35.5","46.4","10.9","1.0048","3.99221032132428","1.41444110870361","1.41444110870361","0","0.0668852850794792","0.0153009025",NA,"measured","15.4914116436768","87.6534334231883","1.4cm stopper to sed surface"
"Krause_et_al_2025_Cambodia","PD23",2024,5,10,"28.5454","125.7416","Halodule pinifolia","200","K10","13.949","24.798","10.849","10","51.8","46.4","62.3","15.9","1.0849","4.1492599979008","1.46723020076752","1.46723020076752","0","0.0776131674647331","0.0235295031610942","-26.1","measured","25.3095889125216","112.96302233571","1.4cm stopper to sed surface"
"Krause_et_al_2025_Cambodia","PD23",2024,5,10,"28.5454","125.7416","Halodule pinifolia","200","K9","13.568","22.938","9.37","9","72.8","62.3","80.7","18.4","1.04111111111111","4.4190089829035","1.71807414293289","1.71807414293289","0","0.0789125934243202","0.101784372571429",NA,"measured","32.9121918705304","145.87521420624","1.4cm stopper to sed surface"
"Krause_et_al_2025_Cambodia","PD23",2024,5,10,"28.5454","125.7416","Halodule pinifolia","200","K8","13.861","22.181","8.32","8","88.6","80.7","100","19.3","1.04","4.44991617770325","1.54537892341614","1.4776916416454","0.0676872817707332","0.0766293257474899","0.015174898699422","-26.46","measured","29.6602266311066","175.535440837347","1.4cm stopper to sed surface"
"Krause_et_al_2025_Cambodia","PD24",2024,5,10,"28.5212","125.6754","Halodule pinifolia","200","J1","13.796","17.84","4.044","6","2.4","0","3.7","3.7","0.674","6.80455807718082","1.9381992816925","1.9345062096205","0.00369307207200296","0.12385768443346","0.0215384924068323","-24.67","measured","4.82427158555161","4.82427158555161","10.4cm stopper to sed surface"
"Krause_et_al_2025_Cambodia","PD24",2024,5,10,"28.5212","125.6754","Halodule pinifolia","200","L12","13.811","18.523","4.712","5","5","3.7","6.3","2.6","0.9424","5.66677570602977",NA,"1.79240115581722","0.00369307207200296","0.12385768443346","0.0176247840825688",NA,"predicted","4.39181300802957","9.21608459358118","10.4cm stopper to sed surface"
"Krause_et_al_2025_Cambodia","PD24",2024,5,10,"28.5212","125.6754","Halodule pinifolia","200","L11","14.016","20.311","6.295","9","7.6","6.3","9","2.7","0.699444444444444","7.78422982885095","2.24286794662476","2.24286794662476","0","0.137055248022079","0.0208559864906832",NA,"measured","4.23565611720085","13.451740710782","10.4cm stopper to sed surface"
"Krause_et_al_2025_Cambodia","PD24",2024,5,10,"28.5212","125.6754","Halodule pinifolia","200","L10","13.962","21.116","7.154","5.8","10.4","9","13.1","4.1","1.23344827586207","6.9095572867186",NA,"2.18549296978909","0","0.137055248022079","0.0199669190881459",NA,"predicted","11.0523393955296","24.5040801063117","10.4cm stopper to sed surface"
"Krause_et_al_2025_Cambodia","PD24",2024,5,10,"28.5212","125.6754","Halodule pinifolia","200","L9","13.661","22.136","8.475","10","15.8","13.1","18.4","5.3","0.8475","3.25544443405921","2.23455166816711","2.17931655298846","0.0552351151786537","0.126714274287224","0.0092277012735849",NA,"measured","9.78894512688591","34.2930252331976","10.4cm stopper to sed surface"
"Krause_et_al_2025_Cambodia","PD24",2024,5,10,"28.5212","125.6754","Halodule pinifolia","200","L8","13.736","18.558","4.822","6","21","18.4","26.5","8.1","0.803666666666667","6.91335149863763",NA,"2.18669307901908","0.0552351151786537","0.126714274287224","0.0184701266772152",NA,"predicted","14.2347159364905","48.5277411696881","10.4cm stopper to sed surface"
"Krause_et_al_2025_Cambodia","PD24",2024,5,10,"28.5212","125.6754","Halodule pinifolia","200","L7","13.958","22.674","8.716","9","32","26.5","37.3","10.8","0.968444444444444","3.60491852444258","1.60375010967255","1.54823169677654","0.055518412896005","0.0743773132562637","0.0180004292835366","-26.2","measured","16.1932649629252","64.7210061326133","10.4cm stopper to sed surface"
"Krause_et_al_2025_Cambodia","PD24",2024,5,10,"28.5212","125.6754","Halodule pinifolia","200","L6","13.591","23.954","10.363","10","42.6","37.3","47.8","10.5","1.0363","4.86184082506324","1.56462734937668","1.56462734937668","0","0.07725053653121","0.0149677527272727",NA,"measured","17.02494488267","81.7459510152833","10.4cm stopper to sed surface"
"Krause_et_al_2025_Cambodia","PD24",2024,5,10,"28.5212","125.6754","Halodule pinifolia","200","L5","13.972","27.747","13.775","10","53","47.8","63.5","15.7","1.3775","2.10104563666566","0.936085313558578","0.877250083973275","0.0588352295853031","0.0454871766269207","0.00971101722551929","-26.7","measured","18.972068253569","100.718019268852","10.4cm stopper to sed surface"
"Krause_et_al_2025_Cambodia","PD24",2024,5,10,"28.5212","125.6754","Halodule pinifolia","200","L4","13.753","21.38","7.627","7","74","63.5","78","14.5","1.08957142857143","3.51020026202501","2.15546250343323","1.40408850186732","0.751374001565909","0.0401850380003452","0.029096040775076",NA,"measured","22.1828933648942","122.900912633747","10.4cm stopper to sed surface"
"Krause_et_al_2025_Cambodia","PD24",2024,5,10,"28.5212","125.6754","Halodule pinifolia","200","L3","13.724","21.787","8.063","7","82","78","100","22","1.15185714285714","3.67468549988951","1.71657121181488","1.65651372990741","0.060057481907471","0.07023074477911","0.0163589861538462","-26.76","measured","41.9774777847651","164.878390418512","10.4cm stopper to sed surface"
"Krause_et_al_2025_Cambodia","PD25",2024,5,10,"28.4987","125.5917","Halodule pinifolia","200","J12","13.786","19.62","5.834","8","1.4","0","2.7","2.7","0.72925","6.30439609236248","2.46243691444397","2.3665160532351","0.0959208612088741","0.130265459418297","0.0225652418971061","-25.78","measured","4.65961094591857","4.65961094591857","11cm stopper to sed surface"
"Krause_et_al_2025_Cambodia","PD25",2024,5,10,"28.4987","125.5917","Halodule pinifolia","200","J11","13.899","20.576","6.677","9","4","2.7","5.4","2.7","0.741888888888889","6.7948717948718",NA,"2.14921794871795","0.0959208612088741","0.130265459418297","0.0187449008256881",NA,"predicted","4.30509847307692","8.9647094189955","11cm stopper to sed surface"
"Krause_et_al_2025_Cambodia","PD25",2024,5,10,"28.4987","125.5917","Halodule pinifolia","200","J10","13.839","21.068","7.229","9","6.8","5.4","8.1","2.7","0.803222222222222","6.27987831377665","2.26148128509521","2.26148128509521","0","0.1219152957201","0.0265608452922078",NA,"measured","4.90447446298599","13.8691838819815","11cm stopper to sed surface"
"Krause_et_al_2025_Cambodia","PD25",2024,5,10,"28.4987","125.5917","Halodule pinifolia","200","J9","13.9","21.056","7.156","10","9.4","8.1","12.2","4.1","0.7156","7.35994556588792",NA,"2.32795078249035","0","0.1219152957201","0.0249318910778443",NA,"predicted","6.83011447779539","20.6992983597769","11cm stopper to sed surface"
"Krause_et_al_2025_Cambodia","PD25",2024,5,10,"28.4987","125.5917","Halodule pinifolia","200","J8","13.893","20.719","6.826","10","15","12.2","17.6","5.4","0.6826","6.95446024920054","2.63964772224426","2.57664319983493","0.0630045224093283","0.137679651379585","0.0293937364903846",NA,"measured","9.49760990031957","30.1969082600964","11cm stopper to sed surface"
"Krause_et_al_2025_Cambodia","PD25",2024,5,10,"28.4987","125.5917","Halodule pinifolia","200","J7","13.964","22.928","8.964","10","20.2","17.6","25.5","7.9","0.8964","5.97844977407028",NA,"1.89098366353843","0.0630045224093283","0.137679651379585","0.0218840604302671",NA,"predicted","13.3911142723672","43.5880225324636","11cm stopper to sed surface"
"Krause_et_al_2025_Cambodia","PD25",2024,5,10,"28.4987","125.5917","Halodule pinifolia","200","J6","13.694","21.302","7.608","9","30.8","25.5","38.7","13.2","0.845333333333333","7.48831279218018","3.05743098258972","3.05743098258972","0","0.12166328728199","0.024658101525974","-26.79","measured","34.1160378761291","77.7040604085928","11cm stopper to sed surface"
"Krause_et_al_2025_Cambodia","PD25",2024,5,10,"28.4987","125.5917","Halodule pinifolia","200","J5","13.981","23.299","9.318","10","46.6","38.7","49.3","10.6","0.9318","6.51866801210897","2.47897505760193","2.47897505760193","0","0.0968957021832466","0.0288185555124224",NA,"measured","24.4850349619388","102.189095370532","11cm stopper to sed surface"
"Krause_et_al_2025_Cambodia","PD25",2024,5,10,"28.4987","125.5917","Halodule pinifolia","200","J4","14.018","22.243","8.225","10","52","49.3","62.5","13.2","0.8225","7.03238279362004","2.59436237812042","2.58430644960281","0.0100559285176137","0.0953565537929535","0.0207611109633028","-25.68","measured","28.0578151233377","130.246910493869","11cm stopper to sed surface"
"Krause_et_al_2025_Cambodia","PD25",2024,5,10,"28.4987","125.5917","Halodule pinifolia","200","J3","13.566","20.486","6.92","9","73","62.5","79.4","16.9","0.768888888888889","8.3777847505491","2.73038828372955","2.73038828372955","0","0.104483932256699","0.0219499863294798",NA,"measured","35.4792721117338","165.726182605603","11cm stopper to sed surface"
"Krause_et_al_2025_Cambodia","PD25",2024,5,10,"28.4987","125.5917","Halodule pinifolia","200","J2","13.642","20.739","7.097","9","85.8","79.4","100","20.6","0.788555555555556","5.53449724582215","2.34979844093323","2.28619090204323","0.0636075388899972","0.10174685716629","0.020770542984375","-25.68","measured","37.1374438594552","202.863626465058","11cm stopper to sed surface"
"Krause_et_al_2025_Cambodia","PD3",2024,5,8,"28.8417","126.1871","Halodule pinifolia","200","A1","14.441","17.589","3.148","4","2.4","0","3.7","3.7","0.787","4.7007270192212","1.62068212032318","1.62068212032318","0","0.100344777107239","0.00936455797546012","-25.49","measured","4.71926426616907","4.71926426616907","13cm stopper to sed surface"
"Krause_et_al_2025_Cambodia","PD3",2024,5,8,"28.8417","126.1871","Halodule pinifolia","200","I12","13.856","18.71","4.854","5","5","3.7","6.3","2.6","0.9708","3.80091377466701",NA,"1.20222902692717","0","0.100344777107239","0.00826294419161677",NA,"predicted","3.03452224228634","7.75378650845541","13cm stopper to sed surface"
"Krause_et_al_2025_Cambodia","PD3",2024,5,8,"28.8417","126.1871","Halodule pinifolia","200","I11","13.818","19.911","6.093","6","7.6","6.3","8.9","2.6","1.0155","3.40052750565178","0.906831741333008","0.906831741333008","0","0.0584472641348839","0.00769628676848874",NA,"measured","2.39430784664154","10.148094355097","13cm stopper to sed surface"
"Krause_et_al_2025_Cambodia","PD3",2024,5,8,"28.8417","126.1871","Halodule pinifolia","200","I10","13.841","18.606","4.765","5","10.2","8.9","12.9","4","0.953","5.9230864350192",NA,"1.87347223939657","0","0.0584472641348839","0.0226136733333333",NA,"predicted","7.14167617657974","17.2897705316767","13cm stopper to sed surface"
"Krause_et_al_2025_Cambodia","PD3",2024,5,8,"28.8417","126.1871","Halodule pinifolia","200","I9","13.643","18.829","5.186","6","15.6","12.9","18.4","5.5","0.864333333333333","6.08974358974344","1.83045071363449","1.83045071363449","0","0.117670301347971","0.00969157428571429",NA,"measured","8.70165761749943","25.9914281491761","13cm stopper to sed surface"
"Krause_et_al_2025_Cambodia","PD3",2024,5,8,"28.8417","126.1871","Halodule pinifolia","200","I8","13.839","20.517","6.678","6","21.2","18.4","26.6","8.2","1.113","3.67254635911348",NA,"1.16162641338759","0","0.117670301347971","0.00793052689655173",NA,"predicted","10.6016996244232","36.5931277735993","13cm stopper to sed surface"
"Krause_et_al_2025_Cambodia","PD3",2024,5,8,"28.8417","126.1871","Halodule pinifolia","200","I7","13.792","21.416","7.624","6","32","26.6","37.5","10.9","1.27066666666667","2.59298824900456","0.574122816324234","0.574122816324234","0","0.0440229196101427","0.00548325288629738","-25.57","measured","7.95175410550833","44.5448818791077","13cm stopper to sed surface"
"Krause_et_al_2025_Cambodia","PD3",2024,5,8,"28.8417","126.1871","Halodule pinifolia","200","I6","13.759","17.665","3.906","4","43","37.5","53.9","16.4","0.9765","3.74396135265706","1.31547331809998","1.31547331809998","0","0.0346506424248219","0.00844832617924528",NA,"measured","21.0667790000439","65.6116608791515","13cm stopper to sed surface"
"Krause_et_al_2025_Cambodia","PD3",2024,5,8,"28.8417","126.1871","Halodule pinifolia","200","I5","13.845","25.162","11.317","9","64.8","53.9","72.9","19","1.25744444444444","6.5180249444729","0.781952470541","0.781952470541","0","0.0346933472901583","0.0064631466","-23.16","measured","18.6819740081264","84.2936348872779","13cm stopper to sed surface"
"Krause_et_al_2025_Cambodia","PD3",2024,5,8,"28.8417","126.1871","Halodule pinifolia","200","K12","13.829","23.857","10.028","9","81","72.9","98","25.1","1.11422222222222","4.1099883404587","1.14190316200256","1.14190316200256","0","0.0471488945186138","0.00788837408385093","-26.81","measured","31.9355803560999","116.229215243378","13cm stopper to sed surface"
"Krause_et_al_2025_Cambodia","PD6",2024,5,8,"28.8905","126.0351","Halodule pinifolia","200","A11","13.228","14.525","1.297","3.4","0.2","0","1.3","1.3","0.381470588235294","13.1356662644372","3.67948031425476","3.67948031425476","0","0.301007896661758","0.0276177823660714","-22.81","measured","1.82469757584263","1.82469757584263","37cm stopper to sed surface"
"Krause_et_al_2025_Cambodia","PD6",2024,5,8,"28.8905","126.0351","Halodule pinifolia","200","A10","13.078","15.285","2.207","4","2.4","1.3","3.9","2.6","0.55175","11.1848195001545",NA,"3.53775840789887","0","0.301007896661758","0.0199259532055215",NA,"predicted","5.07509132405132","6.89978889989396","37cm stopper to sed surface"
"Krause_et_al_2025_Cambodia","PD6",2024,5,8,"28.8905","126.0351","Halodule pinifolia","200","A9","13.198","17.036","3.838","6","5.4","3.9","6.7","2.8","0.639666666666667","9.76958525345619","3.22272944450378","3.22272944450378","0","0.231086105108261","0.0188812002076677",NA,"measured","5.77212328373591","12.6719121836299","37cm stopper to sed surface"
"Krause_et_al_2025_Cambodia","PD6",2024,5,8,"28.8905","126.0351","Halodule pinifolia","200","A8","13.152","17.831","4.679","6","8","6.7","10.7","4","0.779833333333333","8.03055326176712",NA,"2.54006399669694","0","0.231086105108261","0.0178705031195335",NA,"predicted","7.92330629369665","20.5952184773265","37cm stopper to sed surface"
"Krause_et_al_2025_Cambodia","PD6",2024,5,8,"28.8905","126.0351","Halodule pinifolia","200","A7","13.114","19.826","6.712","7","13.4","10.7","16.1","5.4","0.958857142857143","5.67400881057261","1.71573758125305","1.71573758125305","0","0.098833478987217","0.0120207410747664",NA,"measured","8.8837950692858","29.4790135466123","37cm stopper to sed surface"
"Krause_et_al_2025_Cambodia","PD6",2024,5,8,"28.8905","126.0351","Halodule pinifolia","200","A6","13.075","19.491","6.416","6","18.8","16.1","24.3","8.2","1.06933333333333","8.38966682761947",NA,"2.65365161757604","0","0.098833478987217","0.0110869197142857",NA,"predicted","23.2686326637694","52.7476462103817","37cm stopper to sed surface"
"Krause_et_al_2025_Cambodia","PD6",2024,5,8,"28.8905","126.0351","Halodule pinifolia","200","A5","13.848","23.634","9.786","8","29.8","24.3","35.3","11","1.22325","3.10241834473469","0.757986962795258","0.757986962795258","0","0.0444701611995697","0.00886077631097561","-24.83","measured","10.1992830746323","62.946929285014","37cm stopper to sed surface"
"Krause_et_al_2025_Cambodia","PD6",2024,5,8,"28.8905","126.0351","Halodule pinifolia","200","A4","13.856","22.799","8.943","7","40.8","35.3","46.2","10.9","1.27757142857143","3.0043341213554","0.755796253681183","0.755796253681183","0","0.0463598556816578","0.00925104818181818",NA,"measured","10.524862324816","73.47179160983","37cm stopper to sed surface"
"Krause_et_al_2025_Cambodia","PD6",2024,5,8,"28.8905","126.0351","Halodule pinifolia","200","A3","13.903","22.678","8.775","7","51.6","46.2","58.5","12.3","1.25357142857143","3.0372373621801","0.829035729169846","0.829035729169846","0","0.0509467571973801","0.0103631445400593","-25.05","measured","12.782842691232","86.254634301062","37cm stopper to sed surface"
"Krause_et_al_2025_Cambodia","PD6",2024,5,8,"28.8905","126.0351","Halodule pinifolia","200","A2","13.172","23.336","10.164","8","65.4","58.5","83","24.5","1.2705","2.26524685382369","0.507527008652687","0.507527008652687","0","0.0152137596160173","0.00791912754545455","-25.55","measured","15.7979200800844","102.052554381146","37cm stopper to sed surface"
"Krause_et_al_2025_Cambodia","PD8",2024,5,10,"28.9781","126.066","Halodule pinifolia","200","N12","13.934","17.411","3.477","6","0.4","0","1.8","1.8","0.5795","7.42574257425753","2.18006730079651","2.18006730079651","0","0.121918201446533","0.0155482329","-24.33","measured","2.27402820146084","2.27402820146084","31cm stopper to sed surface"
"Krause_et_al_2025_Cambodia","PD8",2024,5,10,"28.9781","126.066","Halodule pinifolia","200","N11","13.661","19.632","5.971","8","3.2","1.8","4.6","2.8","0.746375","6.80414330514114",NA,"2.15215052741614","0","0.121918201446533","0.0132468100909091",NA,"predicted","4.49767177972062","6.77169998118146","31cm stopper to sed surface"
"Krause_et_al_2025_Cambodia","PD8",2024,5,10,"28.9781","126.066","Halodule pinifolia","200","N10","13.755","21.069","7.314","10","6","4.6","7.2","2.6","0.7314","7.05927859974861","2.07618975639343","2.07618975639343","0","0.15599862486124","0.0133281855882353",NA,"measured","3.94816548834801","10.7198654695295","31cm stopper to sed surface"
"Krause_et_al_2025_Cambodia","PD8",2024,5,10,"28.9781","126.066","Halodule pinifolia","200","N9","13.8","19.816","6.016","8","8.4","7.2","11.3","4.1","0.752","6.82126916359398",NA,"2.15756743644478","0","0.15599862486124","0.0139218067834395",NA,"predicted","6.65221192004654","17.372077389576","31cm stopper to sed surface"
"Krause_et_al_2025_Cambodia","PD8",2024,5,10,"28.9781","126.066","Halodule pinifolia","200","N8","13.871","20.03","6.159","9","14.2","11.3","16.8","5.5","0.684333333333333","7.37522751221385","2.23571991920471","2.17907088953223","0.0566490296724784","0.160100117325783","0.0152246238607595",NA,"measured","8.20165964971773","25.5737370392937","31cm stopper to sed surface"
"Krause_et_al_2025_Cambodia","PD8",2024,5,10,"28.9781","126.066","Halodule pinifolia","200","N7","14.017","20.377","6.36","8","19.4","16.8","25","8.2","0.795","6.18083939786655",NA,"1.95499950154519","0.0566490296724784","0.160100117325783","0.0141930108116883",NA,"predicted","12.7446417505731","38.3183787898668","31cm stopper to sed surface"
"Krause_et_al_2025_Cambodia","PD8",2024,5,10,"28.9781","126.066","Halodule pinifolia","200","N6","13.54","22.537","8.997","9","30.6","25","36","11","0.999666666666667","4.58590006844635","1.39898025989532","1.39898025989532","0","0.0908771492540836","0.010960515","-24.915","measured","15.3836532645623","53.7020320544291","31cm stopper to sed surface"
"Krause_et_al_2025_Cambodia","PD8",2024,5,10,"28.9781","126.066","Halodule pinifolia","200","N5","13.792","24.103","10.311","9","41.4","36","46.9","10.9","1.14566666666667","3.16222198798349","0.882019937038422","0.882019937038422","0","0.0559747293591499","0.00951340931686047",NA,"measured","11.0144591690838","64.716491223513","31cm stopper to sed surface"
"Krause_et_al_2025_Cambodia","PD8",2024,5,10,"28.9781","126.066","Halodule pinifolia","200","N4","13.991","24.541","10.55","9","52.4","46.9","59.2","12.3","1.17222222222222","3.44248530646509","0.945549577474594","0.945549577474594","0","0.0535311233252287","0.00922309939577039",NA,"measured","13.6332489912212","78.3497402147342","31cm stopper to sed surface"
"Krause_et_al_2025_Cambodia","PD8",2024,5,10,"28.9781","126.066","Halodule pinifolia","200","N3","13.821","23.899","10.078","9","66","59.2","84","24.8","1.11977777777778","3.49124706731644","1.2541356086731","1.20221741045651","0.0519181982165834","0.0607897192239761","0.0134981982747604","-26.325","measured","33.3861652391113","111.735905453846","31cm stopper to sed surface"
"Krause_et_al_2025_Cambodia","PS1",2024,5,11,"28.7255","126.3452","Halodule pinifolia","200","K5","13.95","18.496","4.546","4.4","1","0","2.2","2.2","1.03318181818182","2.32233502538071","0.984893500804901","0.92857106143448","0.0563224393704216","0.0704643428325653","0.0102116365789474","-23.53","measured","2.11064202264057","2.11064202264057","20cm stopper to sed surface"
"Krause_et_al_2025_Cambodia","PS1",2024,5,11,"28.7255","126.3452","Halodule pinifolia","200","K4","13.616","24.378","10.762","10","3.4","2.2","4.9","2.7","1.0762","3.25097820011165",NA,"1.02828440469531","0.0563224393704216","0.0704643428325653","0.01701621",NA,"predicted","2.98792712609936","5.09856914873994","20cm stopper to sed surface"
"Krause_et_al_2025_Cambodia","PS1",2024,5,11,"28.7255","126.3452","Halodule pinifolia","200","K2","13.748","22.612","8.864","9","6.4","4.9","7.7","2.8","0.984888888888889","4.71447275657155","1.41167962551117","1.41167962551117","0","0.0944894775748253","0.010815435",NA,"measured","3.89297321794298","8.99154236668291","20cm stopper to sed surface"
"Krause_et_al_2025_Cambodia","PS1",2024,5,11,"28.7255","126.3452","Halodule pinifolia","200","K1","13.778","23.352","9.574","10","9","7.7","12","4.3","0.9574","4.21554981109571",NA,"1.33337840524957","0","0.0944894775748253","0.010145768768546",NA,"predicted","5.48927888629954","14.4808212529825","20cm stopper to sed surface"
"Krause_et_al_2025_Cambodia","PS1",2024,5,11,"28.7255","126.3452","Halodule pinifolia","200","E9","13.081","24.648","11.567","10","15","12","17.5","5.5","1.1567","3.1702079566004","1.02275395393372","1.02275395393372","0","0.0796041488647461","0.00943116082132565",NA,"measured","6.50660724183321","20.9874284948157","20cm stopper to sed surface"
"Krause_et_al_2025_Cambodia","PS1",2024,5,11,"28.7255","126.3452","Halodule pinifolia","200","E8","13.279","24.451","11.172","10","20","17.5","24.6","7.1","1.1172","3.1896939693971",NA,"1.0089002025203","0","0.0796041488647461","0.00896543985759494",NA,"predicted","8.00271747441535","28.990145969231","20cm stopper to sed surface"
"Krause_et_al_2025_Cambodia","PS1",2024,5,11,"28.7255","126.3452","Halodule pinifolia","200","E7","13.078","24.937","11.859","10","29.2","24.6","35.1","10.5","1.1859","2.49831843951185","0.69085681438446","0.69085681438446","0","0.0559054277837276","0.0134422762824207","-24.44","measured","8.60251450987458","37.5926604791056","20cm stopper to sed surface"
"Krause_et_al_2025_Cambodia","PS1",2024,5,11,"28.7255","126.3452","Halodule pinifolia","200","E6","13.839","25.583","11.744","10","41","35.1","52","16.9","1.1744","2.46806526806525","0.661255717277527","0.661255717277527","0","0.05126828327775","0.0150683659878419",NA,"measured","13.1241802728653","50.7168407519709","20cm stopper to sed surface"
"Krause_et_al_2025_Cambodia","PS1",2024,5,11,"28.7255","126.3452","Halodule pinifolia","200","E5","13.903","25.035","11.132","9","63","52","69.7","17.7","1.23688888888889","1.79932617393131","0.506717026233673","0.506717026233673","0","0","0.0244201639417178","-25.1","measured","11.0935220741987","61.8103628261696","20cm stopper to sed surface"
"Krause_et_al_2025_Cambodia","PS1",2024,5,11,"28.7255","126.3452","Halodule pinifolia","200","P1","13.58","25.49","11.91","9","76.4","69.7","95","25.3","1.32333333333333","1.65844027640671","0.288883060216904","0.23972482530755","0.0491582349093534","0","0.00632687543674699","-25.44","measured","8.02606705957189","69.8364298857415","20cm stopper to sed surface"
"Krause_et_al_2025_Cambodia","PS10",2024,5,9,"29.13","125.7854","Halodule pinifolia","200","D4","13.192","15.118","1.926","2.4","3","0","4.2","4.2","0.8025","3.08607490171723","0.875084102153778","0.821605505278234","0.0534785968755439","0.0708993151783943","0.00796741490853659","-23.55","measured","2.76922135554029","2.76922135554029","8cm stopper to sed surface"
"Krause_et_al_2025_Cambodia","PS10",2024,5,9,"29.13","125.7854","Halodule pinifolia","200","D5","13.601","21.553","7.952","7","5.4","4.2","7.6","3.4","1.136","1.4501760928112",NA,"0.458690698156183","0.0534785968755439","0.0708993151783943","0.00504859828267477",NA,"predicted","1.77164695255844","4.54086830809873","8cm stopper to sed surface"
"Krause_et_al_2025_Cambodia","PS10",2024,5,9,"29.13","125.7854","Halodule pinifolia","200","D6","13.931","18.795","4.864","4","9.8","7.6","10.4","2.8","1.216","1.50660792951535","0.302176132798195","0.302176132798195","0","0","0.00260724649390244",NA,"measured","1.02884929695129","5.56971760505002","8cm stopper to sed surface"
"Krause_et_al_2025_Cambodia","PS10",2024,5,9,"29.13","125.7854","Halodule pinifolia","200","D9","13.13","22.277","9.147","7","11","10.4","12.9","2.5","1.30671428571429","1.34035423647689",NA,"0.42395404499764","0","0","0.00334873443925234",NA,"predicted","1.38496701771193","6.95468462276196","8cm stopper to sed surface"
"Krause_et_al_2025_Cambodia","PS10",2024,5,9,"29.13","125.7854","Halodule pinifolia","200","D7","13.56","24.245","10.685","8","14.8","12.9","15.6","2.7","1.335625","15.1477983564332","0.434982523322105","0.434982523322105","0","0","0.00717902209265176",NA,"measured","1.56862853832263","8.52331316108459","8cm stopper to sed surface"
"Krause_et_al_2025_Cambodia","PS10",2024,5,9,"29.13","125.7854","Halodule pinifolia","200","D8","13.978","26.15","12.172","9","16.4","15.6","19.1","3.5","1.35244444444444","1.4234875444841",NA,"0.45024911032032","0","0","0.00324170912621359",NA,"predicted","2.1312791775407","10.6545923386253","8cm stopper to sed surface"
"Krause_et_al_2025_Cambodia","PS10",2024,5,9,"29.13","125.7854","Halodule pinifolia","200","D10","13.178","25.752","12.574","9","21.8","19.1","26.9","7.8","1.39711111111111","1.52730049637266",NA,"0.483085147002673","0","0","0.00432799378378378",NA,"predicted","5.26440428662339","15.9189966252487","8cm stopper to sed surface"
"Krause_et_al_2025_Cambodia","PS10",2024,5,9,"29.13","125.7854","Halodule pinifolia","200","D11","13.198","25.615","12.417","9","32","26.9","37.5","10.6","1.37966666666667","1.3240497660084","0.128670144826174","0.128670144826174","0","0","0.00427818521186441","-23.28","measured","1.88173224400555","17.8007288692542","8cm stopper to sed surface"
"Krause_et_al_2025_Cambodia","PS10",2024,5,9,"29.13","125.7854","Halodule pinifolia","200","D3","13.235","25.608","12.373","9","43","37.5","48.4","10.9","1.37477777777778","1.50587778101617","0.214530155062675","0.214530155062675","0","0","0.0063375460058309",NA,"measured","3.21475105929292","21.0154799285472","8cm stopper to sed surface"
"Krause_et_al_2025_Cambodia","PS10",2024,5,9,"29.13","125.7854","Halodule pinifolia","200","D2","13.302","24.863","11.561","8","53.8","48.4","64.4","16","1.445125","1.28415861927276","0.202383600175381","0.202383600175381","0","0","0.00507263003194888","-23.49","measured","4.67951360325515","25.6949935318023","8cm stopper to sed surface"
"Krause_et_al_2025_Cambodia","PS10",2024,5,9,"29.13","125.7854","Halodule pinifolia","200","D1","13.174","24.289","11.115","8","75","64.4","82.5","18.1","1.389375","1.36624893997927","0.281804621219635","0.281804621219635","0","0.0130745572969317","0.00490122189320389",NA,"measured","7.08673455048725","32.7817280822896","8cm stopper to sed surface"
"Krause_et_al_2025_Cambodia","PS10",2024,5,9,"29.13","125.7854","Halodule pinifolia","200","C12","13.179","20.407","7.228","5","90","82.5","100","17.5","1.4456","1.34221414875358","0.275522112846375","0.275522112846375","0","0","0.00610634980519481","-23.45","measured","6.97015841078758","39.7518864930771","8cm stopper to sed surface"
"Krause_et_al_2025_Cambodia","PS11",2024,5,8,"29.1882","125.5718","Halodule pinifolia","200","H12","13.264","21.559","8.295","6","2.4","0","3.7","3.7","1.3825","1.52990264255908","0.342832386493683","0.342832386493683","0","0.036323256790638","0.00604957082043344","-22.1","measured","1.75367336501181","1.75367336501181","15cm stopper to sed surface"
"Krause_et_al_2025_Cambodia","PS11",2024,5,8,"29.1882","125.5718","Halodule pinifolia","200","H11","13.095","21.275","8.18","7","5","3.7","6.4","2.7","1.16857142857143","1.48756396525042",NA,"0.470516482208709","0","0.036323256790638","0.0134552103821656",NA,"predicted","1.48454671800879","3.2382200830206","15cm stopper to sed surface"
"Krause_et_al_2025_Cambodia","PS11",2024,5,8,"29.1882","125.5718","Halodule pinifolia","200","H10","13.086","21.57","8.484","7","7.8","6.4","9.2","2.8","1.212","2.40492170022374",NA,"0.760676733780768","0","0.036323256790638","0.00569682616618076",NA,"predicted","2.58143256375841","5.81965264677902","15cm stopper to sed surface"
"Krause_et_al_2025_Cambodia","PS11",2024,5,8,"29.1882","125.5718","Halodule pinifolia","200","H9","13.544","19.467","5.923","5","10.6","9.2","13.3","4.1","1.1846","2.00199203187262","0.419802576303482","0.419802576303482","0","0.043278943747282","0.00582277318885449",NA,"measured","2.03892234074533","7.85857498752435","15cm stopper to sed surface"
"Krause_et_al_2025_Cambodia","PS11",2024,5,8,"29.1882","125.5718","Halodule pinifolia","200","H8","13.975","23.506","9.531","7","16","13.3","18.7","5.4","1.36157142857143","1.23767163024564",NA,"0.391475536646695","0","0.043278943747282","0.00387637922155689",NA,"predicted","2.87831829068715","10.7368932782115","15cm stopper to sed surface"
"Krause_et_al_2025_Cambodia","PS11",2024,5,8,"29.1882","125.5718","Halodule pinifolia","200","H7","13.1","21.249","8.149","6","21.4","18.7","26.9","8.2","1.35816666666667","1.3875123885034","0.677410662174225","0.677410662174225","0","0.0487607903778553","0.0102756061815562","-24.81","measured","7.54429996427893","18.2811932424904","15cm stopper to sed surface"
"Krause_et_al_2025_Cambodia","PS11",2024,5,8,"29.1882","125.5718","Halodule pinifolia","200","H6","13.123","18.981","5.858","4.4","32.4","26.9","37.8","10.9","1.33136363636364","1.75604229607244","0.396660700440407","0.396660700440407","0","0.0176188703626394","0.00512650875",NA,"measured","5.75628599469567","24.0374792371861","15cm stopper to sed surface"
"Krause_et_al_2025_Cambodia","PS11",2024,5,8,"29.1882","125.5718","Halodule pinifolia","200","H5","13.123","22.956","9.833","7","43.2","37.8","54.3","16.5","1.40471428571429","0.720519585955065","0.057175638154149","0.057175638154149","0","0","0.00258059806930693","-24.05","measured","1.32520468921441","25.3626839264005","15cm stopper to sed surface"
"Krause_et_al_2025_Cambodia","PS11",2024,5,8,"29.1882","125.5718","Halodule pinifolia","200","H4","13.064","20.127","7.063","5","65.4","54.3","76.4","22.1","1.4126","1.38888888888889","0.398692965507507","0.398692965507507","0","0.0302826277911663","0.00595175867088608",NA,"measured","12.4465803959775","37.809264322378","15cm stopper to sed surface"
"Krause_et_al_2025_Cambodia","PS11",2024,5,8,"29.1882","125.5718","Halodule pinifolia","200","A12","13.936","17.138","3.202","6","87.4","76.4","100","23.6","0.533666666666667","1.79088277858177","5.67710590362549","5.67710590362549","0","0.35055710375309","0.0288400851186944","-23.23","measured","71.5004995400747","109.309763862453","15cm stopper to sed surface"
"Krause_et_al_2025_Cambodia","PS13",2024,5,8,"29.4417","125.4733","Halodule pinifolia","200","F7","13.251","15.146","1.895","3","1.6","0","2.9","2.9","0.631666666666667","8.76314983147779","2.5019474029541","2.5019474029541","0","0.189958289265633","0.0196166272131148","-23.03","measured","4.58315065097809","4.58315065097809","7cm stopper to sed surface"
"Krause_et_al_2025_Cambodia","PS13",2024,5,8,"29.4417","125.4733","Halodule pinifolia","200","F8","13.111","19.664","6.553","8","4.2","2.9","5.5","2.6","0.819125","5.84174190122161",NA,"1.84774296335639","0","0.189958289265633","0.0147609806012658",NA,"predicted","3.9351843826342","8.51833503361229","7cm stopper to sed surface"
"Krause_et_al_2025_Cambodia","PS13",2024,5,8,"29.4417","125.4733","Halodule pinifolia","200","F9","13.07","20.73","7.66","8","6.8","5.5","8.1","2.6","0.9575","4.43464963569298",NA,"1.40267967976969","0","0.189958289265633","0.012174402358209",NA,"predicted","3.49197106278664","12.0103060963989","7cm stopper to sed surface"
"Krause_et_al_2025_Cambodia","PS13",2024,5,8,"29.4417","125.4733","Halodule pinifolia","200","F10","13.123","22.858","9.735","9","9.4","8.1","12.2","4.1","1.08166666666667","3.91631365090336","0.926265180110931","0.926265180110931","0","0.064754381775856","0.0111994149408284",NA,"measured","4.10783169626196","16.1181377926609","7cm stopper to sed surface"
"Krause_et_al_2025_Cambodia","PS13",2024,5,8,"29.4417","125.4733","Halodule pinifolia","200","F11","13.126","23.344","10.218","8","15","12.2","17.5","5.3","1.27725","2.25782957028415",NA,"0.714151493080876","0","0.064754381775856","0.00970838986024845",NA,"predicted","4.83439497104901","20.9525327637099","7cm stopper to sed surface"
"Krause_et_al_2025_Cambodia","PS13",2024,5,8,"29.4417","125.4733","Halodule pinifolia","200","F12","14.041","21.767","7.726","6","20","17.5","25.3","7.8","1.28766666666667","2.90098801765833","0.516995221376419","0.516995221376419","0","0.0447659119963646","0.010389247",NA,"measured","5.19259660446048","26.1451293681704","7cm stopper to sed surface"
"Krause_et_al_2025_Cambodia","PS13",2024,5,8,"29.4417","125.4733","Halodule pinifolia","200","G1","13.118","21.232","8.114","7","30.6","25.3","36","10.7","1.15914285714286","3.79484138748899","1.05257648229599","1.05257648229599","0","0.065464548766613","0.012251308960396","-24.4","measured","13.0549256682345","39.2000550364049","7cm stopper to sed surface"
"Krause_et_al_2025_Cambodia","PS13",2024,5,8,"29.4417","125.4733","Halodule pinifolia","200","G2","13.102","24.211","11.109","9","41.4","36","46.7","10.7","1.23433333333333","3.13639679066384","1.02596548199654","1.02596548199654","0","0.0459713656455278","0.0223722405",NA,"measured","13.5503023080717","52.7503573444765","7cm stopper to sed surface"
"Krause_et_al_2025_Cambodia","PS13",2024,5,8,"29.4417","125.4733","Halodule pinifolia","200","G3","13.092","24.147","11.055","9","52","46.7","62.6","15.9","1.22833333333333","3.48281151312827","0.838156342506409","0.838156342506409","0","0","0.0138936231818182","-24.81","measured","16.3696124473214","69.1199697917979","7cm stopper to sed surface"
"Krause_et_al_2025_Cambodia","PS13",2024,5,8,"29.4417","125.4733","Halodule pinifolia","200","G4","13.092","23.218","10.126","8","73.2","62.6","81.1","18.5","1.26575","2.40684793554896","0.519286066293716","0.519286066293716","0","0.03916254080832","0.0159706287142857",NA,"measured","12.1597972606085","81.2797670524064","7cm stopper to sed surface"
"Krause_et_al_2025_Cambodia","PS13",2024,5,8,"29.4417","125.4733","Halodule pinifolia","200","G5","13.137","25.195","12.058","9","89","81.1","100","18.9","1.33977777777778","2.17369628078562","0.440748885273933","0.440748885273933","0","0.0288453847169876","0.0122475218918919","-24.84","measured","11.1605551231295","92.4403221755359","7cm stopper to sed surface"
"Krause_et_al_2025_Cambodia","PS14",2024,5,8,"29.4625","125.4072","Halodule pinifolia","200","F4","13.097","14.506","1.409","3","1.4","0","2.7","2.7","0.469666666666667","12.4984919773193","3.97429490089417","3.97429490089417","0","0.290484100580215","0.0248823905678233","-22.46","measured","5.03980336382389","5.03980336382389","2.4cm stopper to sed surface"
"Krause_et_al_2025_Cambodia","PS14",2024,5,8,"29.4625","125.4072","Halodule pinifolia","200","F3","13.011","16.972","3.961","7","4","2.7","5.3","2.6","0.565857142857143","10.6959008579599",NA,"3.38311344137273","0","0.290484100580215","0.0208888716461538",NA,"predicted","4.9773331553316","10.0171365191555","2.4cm stopper to sed surface"
"Krause_et_al_2025_Cambodia","PS14",2024,5,8,"29.4625","125.4072","Halodule pinifolia","200","F2","13.956","18.882","4.926","8","6.6","5.3","8","2.7","0.61575","8.82323078485125",NA,"2.79078789724845","0","0.290484100580215","0.0183515923224852",NA,"predicted","4.63975464887299","14.6568911680285","2.4cm stopper to sed surface"
"Krause_et_al_2025_Cambodia","PS14",2024,5,8,"29.4625","125.4072","Halodule pinifolia","200","F1","13.071","18.037","4.966","8","9.4","8","11.7","3.7","0.62075","10.1758401831234",NA,"3.21861824992195","0","0.290484100580215","0.0186832476054217",NA,"predicted","7.39244193096448","22.049333098993","2.4cm stopper to sed surface"
"Krause_et_al_2025_Cambodia","PS14",2024,5,8,"29.4625","125.4072","Halodule pinifolia","200","I4","13.349","19.088","5.739","9","14","11.7","16.9","5.2","0.637666666666667","9.37565144882219","3.02695298194885","2.9606578936348","0.0662950883140527","0.210591569542885","0.018566341702454",NA,"measured","9.81714682090718","31.8664799199001","2.4cm stopper to sed surface"
"Krause_et_al_2025_Cambodia","PS14",2024,5,8,"29.4625","125.4072","Halodule pinifolia","200","I3","13.221","22.425","9.204","9","19.8","16.9","24.9","8","1.02266666666667","5.06991196271359","1.48582172393799","1.42231806412007","0.0635036598179144","0.0940532311797142","0.0116856238317757","-24.07","measured","11.6364581885877","43.5029381084878","2.4cm stopper to sed surface"
"Krause_et_al_2025_Cambodia","PS14",2024,5,8,"29.4625","125.4072","Halodule pinifolia","200","I2","13.128","22.276","9.148","10","30","24.9","35.2","10.3","0.9148","6.09623199113414","2.35657250881195","2.28278009484178","0.0737924139701741","0.158769942820072","0.0153050842811502",NA,"measured","21.509358476841","65.0122965853288","2.4cm stopper to sed surface"
"Krause_et_al_2025_Cambodia","PS14",2024,5,8,"29.4625","125.4072","Halodule pinifolia","200","I1","13.088","21.928","8.84","9","40.4","35.2","45.5","10.3","0.982222222222222","3.59694383806301","0.947111248970032","0.892952593513636","0.0541586554563958","0.0524373725056648","0.00989698711598746","-24.31","measured","9.03390217162262","74.0461987569514","2.4cm stopper to sed surface"
"Krause_et_al_2025_Cambodia","PS14",2024,5,8,"29.4625","125.4072","Halodule pinifolia","200","F5","13.15","23.917","10.767","9","50.6","45.5","61.5","16","1.19633333333333","2.75553706977232","0.702280044555664","0.702280044555664","0","0.0449452269822359","0.00801279638801262",NA,"measured","13.4425764261882","87.4887751831396","2.4cm stopper to sed surface"
"Krause_et_al_2025_Cambodia","PS14",2024,5,8,"29.4625","125.4072","Halodule pinifolia","200","F6","13.131","22.441","9.31","8","72.4","61.5","86","24.5","1.16375","3.54783921494616","0.994564056396484","0.994564056396484","0","0.0487671457231045","0.00919531897590361","-27.06","measured","28.3568860554695","115.845661238609","2.4cm stopper to sed surface"
"Krause_et_al_2025_Cambodia","PS15",2024,5,8,"29.5671","125.4885","Halodule pinifolia","200","G6","13.083","14","0.917","3","1.2","0","2.5","2.5","0.305666666666667","13.8549019607844","4.5015025138855","4.42113311691086","0.080369396974643","0.277701258659363","0.0225360269444445","-25.84","measured","3.37848255683938","3.37848255683938","3cm stopper to sed surface"
"Krause_et_al_2025_Cambodia","PS15",2024,5,8,"29.5671","125.4885","Halodule pinifolia","200","G7","13.243","16.943","3.7","6","3.8","2.5","5.2","2.7","0.616666666666667","10.154038702224","4.0465989112854","3.98657178969429","0.0600271215911083","0.196289464831352","0.0160503260377358",NA,"measured","6.637642029841","10.0161245866804","3cm stopper to sed surface"
"Krause_et_al_2025_Cambodia","PS15",2024,5,8,"29.5671","125.4885","Halodule pinifolia","200","G8","13.171","20.054","6.883","10","6.6","5.2","7.8","2.6","0.6883","10.3847608243526","3.55973601341248","3.49051088844242","0.0692251249700558","0.157769724726677","0.0119461313694268",NA,"measured","6.24654847573879","16.2626730624192","3cm stopper to sed surface"
"Krause_et_al_2025_Cambodia","PS15",2024,5,8,"29.5671","125.4885","Halodule pinifolia","200","G9","13.093","20.51","7.417","9","9","7.8","11.7","3.9","0.824111111111111","7.07749221183795",NA,"2.23861078660434","0.0692251249700558","0.157769724726677","0.00894636891768293",NA,"predicted","7.19496968850591","23.4576427509251","3cm stopper to sed surface"
"Krause_et_al_2025_Cambodia","PS15",2024,5,8,"29.5671","125.4885","Halodule pinifolia","200","G10","13.754","19.537","5.783","8","14.4","11.7","17.1","5.4","0.722875","10.2002846685644","4.68577098846436","4.63031031884364","0.0554606696207117","0.137022897601128","0.0111546824257426",NA,"measured","18.0745320873641","41.5321748382892","3cm stopper to sed surface"
"Krause_et_al_2025_Cambodia","PS15",2024,5,8,"29.5671","125.4885","Halodule pinifolia","200","G11","13.912","18.557","4.645","5","19.8","17.1","25.9","8.8","0.929","6.75343994049831","2.57908487319946","2.53015811265224","0.0489267605472205","0.0756551399827003","0.00995670325301205","-27.925","measured","20.6845486025546","62.2167234408438","3cm stopper to sed surface"
"Krause_et_al_2025_Cambodia","PS15",2024,5,8,"29.5671","125.4885","Halodule pinifolia","200","G12","13.874","17.796","3.922","5","32","25.9","36.5","10.6","0.7844","11.0219252846523","2.84921097755432","2.79485700635461","0.0543539711997128","0.198863536119461","0.0132383123659306",NA,"measured","23.2382298593163","85.4549533001601","3cm stopper to sed surface"
"Krause_et_al_2025_Cambodia","PS15",2024,5,8,"29.5671","125.4885","Halodule pinifolia","200","H1","13.061","18.653","5.592","8","41","36.5","46.3","9.8","0.699","9.73368719685187","3.84336447715759","3.80193804501771","0.0414264321398804","0.127936005592346","0.0194735638436482","-27.735","measured","26.0440359959803","111.49898929614","3cm stopper to sed surface"
"Krause_et_al_2025_Cambodia","PS15",2024,5,8,"29.5671","125.4885","Halodule pinifolia","200","H2","13.175","19.611","6.436","9","51.6","46.3","60.7","14.4","0.715111111111111","9.54601226993871","3.93114066123962","3.88154266590995","0.0495979953296711","0.134394854307175","0.0125833175822368",NA,"measured","39.9705737564743","151.469563052615","3cm stopper to sed surface"
"Krause_et_al_2025_Cambodia","PS15",2024,5,8,"29.5671","125.4885","Halodule pinifolia","200","H3","13.207","17.397","4.19","7","69.8","60.7","85","24.3","0.598571428571428","16.1858139777107","6.40358829498291","6.33308700070293","0.0705012942799838","0.177281647920609","0.0124586959744409","-28.08","measured","92.1165598786528","243.586122931268","3cm stopper to sed surface"
"Krause_et_al_2025_Cambodia","PS16",2024,5,7,"29.5647","125.3946","Halodule pinifolia","200","V12","13.837","15.654","1.817","6","0.8","0","2.2","2.2","0.302833333333333","12.7533301617509","4.21487617492676","4.15455215494242","0.0603240199843429","0.340873003005981","0.0285519017325228","-21.78","measured","2.76790113069447","2.76790113069447","4cm stopper to sed surface"
"Krause_et_al_2025_Cambodia","PS16",2024,5,7,"29.5647","125.3946","Halodule pinifolia","200","U11","14.006","17.926","3.92","9","3.6","2.2","4.9","2.7","0.435555555555555","12.7463863337714",NA,"4.0316819973719","0.0603240199843429","0.340873003005981","0.0242751939169139",NA,"predicted","4.74125802890935","7.50915915960382","4cm stopper to sed surface"
"Krause_et_al_2025_Cambodia","PS16",2024,5,7,"29.5647","125.3946","Halodule pinifolia","200","S6","13.758","17.109","3.351","5","6.2","4.9","7.6","2.7","0.670200000000001","9.85742900907272","3.3112370967865","3.24572468295499","0.0655124138315139","0.248726204037666","0.0205910919545455",NA,"measured","5.87326864279437","13.3824278023982","4cm stopper to sed surface"
"Krause_et_al_2025_Cambodia","PS16",2024,5,7,"29.5647","125.3946","Halodule pinifolia","200","S8","13.719","19.216","5.497","8","9","7.6","10.3","2.7","0.687125","8.70726915520626","2.85602164268494","2.74957611478206","0.106445527902872","0.207437783479691","0.0180995415566038",NA,"measured","5.10111671724799","18.4835445196462","4cm stopper to sed surface"
"Krause_et_al_2025_Cambodia","PS16",2024,5,7,"29.5647","125.3946","Halodule pinifolia","200","Q9","13.968","20.021","6.053","8","11.6","10.3","14.3","4","0.756625","7.75225142437054",NA,"2.4520371255284","0.106445527902872","0.207437783479691","0.0158145781230284",NA,"predicted","7.42109036041171","25.9046348800579","4cm stopper to sed surface"
"Krause_et_al_2025_Cambodia","PS16",2024,5,7,"29.5647","125.3946","Halodule pinifolia","200","R9","13.834","22.561","8.727","10","17","14.3","19.8","5.5","0.8727","6.3542486231314","1.885866522789","1.8333503774368","0.0525161453522009","0.0934191644191742","0.0137501000316456",NA,"measured","8.79980680914003","34.7044416891979","4cm stopper to sed surface"
"Krause_et_al_2025_Cambodia","PS16",2024,5,7,"29.5647","125.3946","Halodule pinifolia","200","X8","13.915","17.854","3.939","4","22.6","19.8","28","8.2","0.98475","5.63752183293941",NA,"1.78314815575874","0.0525161453522009","0.0934191644191742","0.0138289585391566",NA,"predicted","14.398832200344","49.1032738895419","4cm stopper to sed surface"
"Krause_et_al_2025_Cambodia","PS16",2024,5,7,"29.5647","125.3946","Halodule pinifolia","200","W12","13.954","25.351","11.397","10","33.4","28","38.8","10.8","1.1397","1.35741088180123","0.769088923931122","0.714025484737442","0.0550634391936796","0.0554802268743515","0.0102110839123867",NA,"measured","8.78876832551684","57.8920422150588","4cm stopper to sed surface"
"Krause_et_al_2025_Cambodia","PS16",2024,5,7,"29.5647","125.3946","Halodule pinifolia","200","W1","13.634","21.119","7.485","7","44.2","38.8","55","16.2","1.06928571428571","3.57280990137296","1.03640127182007","0.978576688892711","0.057824582927357","0.0599070265889168","0.00792658992038217","-25.575","measured","16.9513247950091","74.8433670100678","4cm stopper to sed surface"
"Krause_et_al_2025_Cambodia","PS16",2024,5,7,"29.5647","125.3946","Halodule pinifolia","200","V10","13.799","19.415","5.616","5","65.8","55","75.4","20.4","1.1232","2.86999267859014","0.856080830097198","0.795919520848981","0.0601613092482177","0.0527271889150143","0.0126729623590504",NA,"measured","18.2371268386785","93.0804938487464","4cm stopper to sed surface"
"Krause_et_al_2025_Cambodia","PS16",2024,5,7,"29.5647","125.3946","Halodule pinifolia","200","T3","13.839","23.06","9.221","9","85","75.4","100","24.6","1.02455555555556","4.25404545879708","1.27168583869934","1.21660787529139","0.0550779634079458","0.0650092586874962","0.0124198978733766","-25.94","measured","30.663465996036","123.743959844782","4cm stopper to sed surface"
"Krause_et_al_2025_Cambodia","PS17",2024,5,8,"29.536","125.3014","Halodule pinifolia","200","X2","13.774","17.337","3.563","7","2","0","3.4","3.4","0.509","10.6975814511293","3.67190432548523","3.58235453997323","0.089549785511996","0.266823798418045","0.0222138146965318","-22.77","measured","6.19962276687768","6.19962276687768","18cm stopper to sed surface"
"Krause_et_al_2025_Cambodia","PS17",2024,5,8,"29.536","125.3014","Halodule pinifolia","200","W7","13.946","20.379","6.433","10","4.8","3.4","6.1","2.7","0.6433","9.32449628844116",NA,"2.94933817603394","0.089549785511996","0.266823798418045","0.0199498256832298",NA,"predicted","5.12273497133511","11.3223577382128","18cm stopper to sed surface"
"Krause_et_al_2025_Cambodia","PS17",2024,5,8,"29.536","125.3014","Halodule pinifolia","200","T11","13.716","21.236","7.52","10","7.4","6.1","9","2.9","0.752","8.74038157478651","2.63021183013916","2.58204906740875","0.0481627627304059","0.182625263929367","0.0156415389545455",NA,"measured","5.63093260620501","16.9532903444178","18cm stopper to sed surface"
"Krause_et_al_2025_Cambodia","PS17",2024,5,8,"29.536","125.3014","Halodule pinifolia","200","Q10","13.908","20.785","6.877","9","10.6","9","13","4","0.764111111111111","8.5728693898135","2.3104259967804","2.27026610036186","0.0401598964185343","0.14266274869442","0.0167818947115385",NA,"measured","6.93894220986157","23.8922325542794","18cm stopper to sed surface"
"Krause_et_al_2025_Cambodia","PS17",2024,5,8,"29.536","125.3014","Halodule pinifolia","200","Q12","13.894","21.828","7.934","9","15.4","13","18.2","5.2","0.881555555555555","7.28413962033085",NA,"2.30397336191065","0.0401598964185343","0.14266274869442","0.0130289020819672",NA,"predicted","10.5616186886306","34.4538512429099","18cm stopper to sed surface"
"Krause_et_al_2025_Cambodia","PS17",2024,5,8,"29.536","125.3014","Halodule pinifolia","200","D12","13.19","20.13","6.94","9","21","18.2","26.4","8.2","0.771111111111111","2.39539114614916",NA,"0.757662219526981","0.0401598964185343","0.14266274869442","0.01621578225",NA,"predicted","4.79078239876016","39.2446336416701","18cm stopper to sed surface"
"Krause_et_al_2025_Cambodia","PS17",2024,5,8,"29.536","125.3014","Halodule pinifolia","200","E4","13.963","22.824","8.861","9","31.8","26.4","37.4","11","0.984555555555556","5.72263067781248","1.76499807834625","1.72048691163906","0.044511166707196","0.103877492249012","0.0128698740594059","-25.075","measured","18.6330644182634","57.8776980599335","18cm stopper to sed surface"
"Krause_et_al_2025_Cambodia","PS17",2024,5,8,"29.536","125.3014","Halodule pinifolia","200","E3","13.55","18.771","5.221","5","43","37.4","48.5","11.1","1.0442","4.98195786287973","1.68967056274414","1.6338144625266","0.0558561002175434","0.102044247090816","0.01176118455",NA,"measured","18.93692258565","76.8146206455835","18cm stopper to sed surface"
"Krause_et_al_2025_Cambodia","PS17",2024,5,8,"29.536","125.3014","Halodule pinifolia","200","E2","13.194","22.135","8.941","7","54","48.5","65","16.5","1.27728571428571","2.96219360199422","0.968866765499115","0.917616485221304","0.0512502802778105","0.0449337400496006","0.0092277012735849","-26.09","measured","19.338964058143","96.1535847037265","18cm stopper to sed surface"
"Krause_et_al_2025_Cambodia","PS17",2024,5,8,"29.536","125.3014","Halodule pinifolia","200","E1","13.216","22.569","9.353","8","76","65","77.2","12.2","1.169125","3.60383622279604","1.0862489938736","1.03369214654268","0.0525568473309125","0.0533423610031605","0.00901593014563107",NA,"measured","14.7438870360859","110.897471739812","18cm stopper to sed surface"
"Krause_et_al_2025_Cambodia","PS17",2024,5,8,"29.536","125.3014","Halodule pinifolia","200","E12","13.147","22.569","9.422","8","78.4","77.2","100","22.8","1.17775","3.16014468924693","0.931497812271118","0.883229491844239","0.048268320426879","0.0488189458847046","0.00937274859813084","-26.3","measured","23.7170965756458","134.614568315458","18cm stopper to sed surface"
"Krause_et_al_2025_Cambodia","PS18",2024,5,7,"29.6683","125.3389","Halodule pinifolia","150","S10","13.94","16.912","2.972","10","2","0","3.3","3.3","0.2972","11.7288336293665","3.76995778083801","3.56792646151426","0.202031319323748","0.292252868413925","0.0255784011428571","-23.855","measured","3.49927955639473","3.49927955639473","6cm stopper to sed surface"
"Krause_et_al_2025_Cambodia","PS18",2024,5,7,"29.6683","125.3389","Halodule pinifolia","150","T8","13.874","18.653","4.779","8","4.6","3.3","6","2.7","0.597375","7.35160780179229","2.36089062690735","2.26937654302632","0.0915140838810313","0.17400823533535","0.0148777542113565",NA,"measured","3.66030579345393","7.15958534984866","6cm stopper to sed surface"
"Krause_et_al_2025_Cambodia","PS18",2024,5,7,"29.6683","125.3389","Halodule pinifolia","150","T9","13.812","19.5","5.688","8","7.4","6","8.7","2.7","0.711","7.48390677025526","2.46624112129211","2.39310954420634","0.0731315770857739","0.177370190620422","0.0142199943037975",NA,"measured","4.59405239201291","11.7536377418616","6cm stopper to sed surface"
"Krause_et_al_2025_Cambodia","PS18",2024,5,7,"29.6683","125.3389","Halodule pinifolia","150","S11","13.646","19.894","6.248","9","10","8.7","12.8","4.1","0.694222222222222","7.14159487519328","2.21983122825623","2.14817492621226","0.0716563020439694","0.160654798150063","0.0133159816776316",NA,"measured","6.11437416108824","17.8680119029498","6cm stopper to sed surface"
"Krause_et_al_2025_Cambodia","PS18",2024,5,7,"29.6683","125.3389","Halodule pinifolia","150","R1","13.695","23.515","9.82","10","15.6","12.8","18.4","5.6","0.982","4.93117479006148","1.52442491054535","1.46329067936715","0.0611342311782033","0.0827590003609657","0.01043169375","-24.48","measured","8.0469281039758","25.9149400069256","6cm stopper to sed surface"
"Krause_et_al_2025_Cambodia","PS18",2024,5,7,"29.6683","125.3389","Halodule pinifolia","150","T1","13.848","24.456","10.608","9","21.2","18.4","26.6","8.2","1.17866666666667","3.73050417120062","1.122225522995","1.0659961565475","0.0562293664474914","0.0714764818549156","0.00778004668141593",NA,"measured","10.3029239194421","36.2178639263677","6cm stopper to sed surface"
"Krause_et_al_2025_Cambodia","PS18",2024,5,7,"29.6683","125.3389","Halodule pinifolia","150","T7","13.799","23.858","10.059","10","32","26.6","37.4","10.8","1.0059","3.80497751751538","1.19483840465546","1.13826938968409","0.0565690149713655","0.0608453191816807","0.0156415389545455","-24.9466666666667","measured","12.3658399340988","48.5837038604665","6cm stopper to sed surface"
"Krause_et_al_2025_Cambodia","PS18",2024,5,7,"29.6683","125.3389","Halodule pinifolia","150","W9","13.878","22.743","8.865","7","42.8","37.4","48.2","10.8","1.26642857142857","2.66725449134781",NA,"0.843652595613313","0.0565690149713655","0.0608453191816807","0.00767388657099698",NA,"predicted","11.5389981156014","60.1227019760679","6cm stopper to sed surface"
"Krause_et_al_2025_Cambodia","PS18",2024,5,7,"29.6683","125.3389","Halodule pinifolia","150","X9","13.685","25.441","11.756","10","53.6","48.2","73","24.8","1.1756","2.64111425280143","0.951809048652649","0.903944497198531","0.0478645514541177","0.0538915917277336","0.0123404172151899","-25.98","measured","26.3543933424835","86.4770953185514","6cm stopper to sed surface"
"Krause_et_al_2025_Cambodia","PS2",2024,5,11,"28.801","126.293","Halodule pinifolia","200","Y12","13.665","16.417","2.752","5","2","0","3.6","3.6","0.5504","4.42069357589547","1.82775378227234","1.82775378227234","0","0.0955984964966774","0.0106090116034985","-24.78","measured","3.62158445434571","3.62158445434571","14cm stopper to sed surface"
"Krause_et_al_2025_Cambodia","PS2",2024,5,11,"28.801","126.293","Halodule pinifolia","200","Y11","13.632","20.41","6.778","7","5.2","3.6","6.6","3","0.968285714285714","4.1682829962132",NA,"1.31842791170224","0","0.0955984964966774","0.0094858342173913",NA,"predicted","3.82984473665047","7.45142919099617","14cm stopper to sed surface"
"Krause_et_al_2025_Cambodia","PS2",2024,5,11,"28.801","126.293","Halodule pinifolia","200","Y10","13.642","23.102","9.46","9","8","6.6","10.2","3.6","1.05111111111111","3.22951138796961","1.01350939273834","0.95102615688915","0.0624832358491927","0.0678747221827507","0.0206284845186335",NA,"measured","3.59868297766854","11.0501121686647","14cm stopper to sed surface"
"Krause_et_al_2025_Cambodia","PS2",2024,5,11,"28.801","126.293","Halodule pinifolia","200","Y9","13.804","23.173","9.369","9","12.4","10.2","14.2","4","1.041","3.9976310334618",NA,"1.26445069588397","0.0624832358491927","0.0678747221827507","0.00930387361607143",NA,"predicted","5.26517269766084","16.3152848663256","14cm stopper to sed surface"
"Krause_et_al_2025_Cambodia","PS2",2024,5,11,"28.801","126.293","Halodule pinifolia","200","Y8","13.964","24.469","10.505","10","16","14.2","18.6","4.4","1.0505","3.72340425531912",NA,"1.17771276595744","0.0624832358491927","0.0678747221827507","0.00670756392537314",NA,"predicted","5.44362394680847","21.758908813134","14cm stopper to sed surface"
"Krause_et_al_2025_Cambodia","PS2",2024,5,11,"28.801","126.293","Halodule pinifolia","200","Y7","13.703","23.548","9.845","9","21.2","18.6","26.6","8","1.09388888888889","3.81414424327305","1.22732996940613","1.18088765014144","0.0464423192646908","0.0815358459949493","0.00791294845794393",NA,"measured","10.3340790361266","32.0929878492606","14cm stopper to sed surface"
"Krause_et_al_2025_Cambodia","PS2",2024,5,11,"28.801","126.293","Halodule pinifolia","200","Y6","13.807","23.34","9.533","9","32","26.6","43","16.4","1.05922222222222","3.55023425299328","1.15170180797577","1.10356626696477","0.0481355410109951","0.0712606459856033","0.00896543985759494","-26.15","measured","19.1703193840881","51.2633072333488","14cm stopper to sed surface"
"Krause_et_al_2025_Cambodia","PS2",2024,5,11,"28.801","126.293","Halodule pinifolia","200","Y5","13.077","22.729","9.652","9","54","43","64.5","21.5","1.07244444444444","2.03546572599866","0.583165943622589","0.521010992747904","0.0621549508746847","0.0453206263482571","0.00828775783783784","-25.65","measured","12.01323991034","63.2765471436887","14cm stopper to sed surface. This vial broke in the lab, sample was transferred to new vial and empty weight was corrected"
"Krause_et_al_2025_Cambodia","PS2",2024,5,11,"28.801","126.293","Halodule pinifolia","200","Y4","13.757","25.499","11.742","9","75","64.5","79.5","15","1.30466666666667","5.33281475719529","0.477349519729614","0.420293250758541","0.0570562689710735","0.0299184564501047","0.0184531323018293",NA,"measured","8.22513891734464","71.5016860610334","14cm stopper to sed surface"
"Krause_et_al_2025_Cambodia","PS2",2024,5,11,"28.801","126.293","Halodule pinifolia","200","Y3","13.772","24.46","10.688","8","84","79.5","100","20.5","1.336","1.51670146137775","0.433594435453415","0.390397749642894","0.043196685810521","0.0276401396840811","0.0083913325753012","-26.47","measured","10.6922135672196","82.1938996282529","14cm stopper to sed surface"
"Krause_et_al_2025_Cambodia","PS21",2024,5,7,"29.3189","125.0172","Halodule pinifolia","200","U7","13.75","18.475","4.725","5.6","2.2","0","3.6","3.6","0.84375","5.26669654863297","1.04608720541","1.04608720541","0","0.0724448151886463","0.0118001770183486","-23.1","measured","3.17748988643289","3.17748988643289",NA
"Krause_et_al_2025_Cambodia","PS21",2024,5,7,"29.3189","125.0172","Halodule pinifolia","200","U4","13.581","21.63","8.049","9","5","3.6","6.2","2.6","0.894333333333333","3.6636286562103","1.30317056179047","1.30317056179047","0","0.0847874954342842","0.00872001740853659",NA,"measured","3.03021906831264","6.20770895474553",NA
"Krause_et_al_2025_Cambodia","PS21",2024,5,7,"29.3189","125.0172","Halodule pinifolia","200","U5","13.966","22.301","8.335","7.4","7.4","6.2","8.9","2.7","1.12635135135135","2.26855426855435",NA,"0.71754371514374","0","0.0847874954342842","0.00858014328947368",NA,"predicted","2.18215709965572","8.38986605440125",NA
"Krause_et_al_2025_Cambodia","PS21",2024,5,7,"29.3189","125.0172","Halodule pinifolia","200","U3","13.8","22.426","8.626","7","10.4","8.9","13.2","4.3","1.23228571428571","2.44695414099924","0.710309654474258","0.710309654474258","0","0.0513082854449749","0.00835716517699115",NA,"measured","3.76380909168976","12.153675146091",NA
"Krause_et_al_2025_Cambodia","PS21",2024,5,7,"29.3189","125.0172","Halodule pinifolia","200","U6","13.844","23.709","9.865","9","16","13.2","21.5","8.3","1.09611111111111","1.64052953156817",NA,"0.518899490835012","0","0.0513082854449749","0.00550951509463722",NA,"predicted","4.72080342886948","16.8744785749605",NA
"Krause_et_al_2025_Cambodia","PS21",2024,5,7,"29.3189","125.0172","Halodule pinifolia","200","T2","13.94","24.612","10.672","8","27","21.5","32.5","11","1.334","1.83493964629925","0.795864939689636","0.732338402896514","0.0635265367931218","0.0523820817470551","0.00520217022857143","-24.06","measured","10.7463337241035","27.6208122990639",NA
"Krause_et_al_2025_Cambodia","PS21",2024,5,7,"29.3189","125.0172","Halodule pinifolia","200","T12","13.883","23.75","9.867","8","38","32.5","43.3","10.8","1.233375","2.57063652841457","1.01073324680328","1.01073324680328","0","0.0675644613802433","0.0108948831736527",NA,"measured","13.4634216773808","41.0842339764447",NA
"Krause_et_al_2025_Cambodia","PS21",2024,5,7,"29.3189","125.0172","Halodule pinifolia","200","T10","13.842","25.075","11.233","9","48.6","43.3","59.6","16.3","1.24811111111111","3.32138590203118","0.807996392250061","0.807996392250061","0","0.0538352280855179","0.0145776169384615","-23.07","measured","16.4380491809514","57.5222831573961",NA
"Krause_et_al_2025_Cambodia","PS21",2024,5,7,"29.3189","125.0172","Halodule pinifolia","200","S2","13.65","24.845","11.195","8","70.6","59.6","81.4","21.8","1.399375","1.38173045290044","0.461183875799179","0.461183875799179","0","0.0361397247761488","0.003115779",NA,"measured","14.0690482590832","71.5913314164793",NA
"Krause_et_al_2025_Cambodia","PS21",2024,5,7,"29.3189","125.0172","Halodule pinifolia","200","S3","13.679","23.832","10.153","7","92.2","81.4","93.6","12.2","1.45042857142857","0.840191387559789","0.33664283156395","0.267270417060721","0.0693724145032287","0.027285024523735","0.00533947090909091",NA,"measured","4.72941112027049","76.3207425367498",NA
"Krause_et_al_2025_Cambodia","PS21",2024,5,7,"29.3189","125.0172","Halodule pinifolia","200","R4","13.729","21.761","8.032","5.8","95","93.6","100","6.40000000000001","1.3848275862069","1.46776150041985",NA,"0.4642529625828","0.0693724145032287","0.027285024523735","0.00579825333827893",NA,"predicted","4.11462598120282","80.4353685179526",NA
"Krause_et_al_2025_Cambodia","PS4",2024,5,11,"28.7546","126.1242","Halodule pinifolia","200","Y2","13.862","18.627","4.765","6","2","0","3.5","3.5","0.794166666666666","5.61830861408505","1.80614292621613","1.75687452937536","0.0492683968407684","0.136303588747978","0.0187907001197605","-23.65","measured","4.88337916060959","4.88337916060959","18cm stopper to sed surface"
"Krause_et_al_2025_Cambodia","PS4",2024,5,11,"28.7546","126.1242","Halodule pinifolia","200","Y1","13.704","17.789","4.085","7","5","3.5","6.2","2.7","0.583571428571429","9.55831265508696","3.00577974319458","2.94202256731892","0.0637571758756566","0.213667064905167","0.00913848794701987",NA,"measured","4.63557684374915","9.51895600435874","18cm stopper to sed surface"
"Krause_et_al_2025_Cambodia","PS4",2024,5,11,"28.7546","126.1242","Halodule pinifolia","200","X12","13.996","21.155","7.159","9","7.4","6.2","8.7","2.5","0.795444444444445","7.48379493223337","2.18491148948669","2.12412188215753","0.0607896073291635","0.152455314993858","0.015721087640625",NA,"measured","4.22405237621271","13.7430083805714","18cm stopper to sed surface"
"Krause_et_al_2025_Cambodia","PS4",2024,5,11,"28.7546","126.1242","Halodule pinifolia","200","X11","13.931","22.238","8.307","10","10","8.7","12.7","4","0.8307","7.45848798593469",NA,"2.35911974995114","0.0607896073291635","0.152455314993858","0.0171334165714286",NA,"predicted","7.83888310513766","21.5818914857091","18cm stopper to sed surface"
"Krause_et_al_2025_Cambodia","PS4",2024,5,11,"28.7546","126.1242","Halodule pinifolia","200","X10","13.826","21.333","7.507","10","15.4","12.7","18.1","5.4","0.7507","8.13967345965924","2.69042158126831","2.69042158126831","0","0.178025275468826","0.0171796967005814",NA,"measured","10.9063771977139","32.488268683423","18cm stopper to sed surface"
"Krause_et_al_2025_Cambodia","PS4",2024,5,11,"28.7546","126.1242","Halodule pinifolia","200","K7","13.811","24.735","10.924","10","20.8","18.1","26.4","8.3","1.0924","4.52978056426327",NA,"1.43276959247647","0","0.178025275468826","0.012210881570122",NA,"predicted","12.9908072734168","45.4790759568397","18cm stopper to sed surface"
"Krause_et_al_2025_Cambodia","PS4",2024,5,11,"28.7546","126.1242","Halodule pinifolia","200","X6","13.778","25.632","11.854","10","32","26.4","37.5","11.1","1.1854","2.63047180206339","1.02859365940094","0.968718910038465","0.0598747493624748","0.0577158778905869","0.0104726705232558",NA,"measured","12.7463452951515","58.2254212519912","18cm stopper to sed surface"
"Krause_et_al_2025_Cambodia","PS4",2024,5,11,"28.7546","126.1242","Halodule pinifolia","200","X5","13.958","25.82","11.862","10","43","37.5","54","16.5","1.1862","2.92325532363483","0.824290454387665","0.764041959189527","0.0602484951981375","0.05709283426404","0.00932757192419825","-25.355","measured","14.9540584378452","73.1794796898364","18cm stopper to sed surface"
"Krause_et_al_2025_Cambodia","PS4",2024,5,11,"28.7546","126.1242","Halodule pinifolia","200","X4","13.56","24.421","10.861","9","65","54","71.5","17.5","1.20677777777778","2.63894212341894","1.06269061565399","1.06269061565399","0","0","0.00882325404624277",NA,"measured","22.4425498434239","95.6220295332603","18cm stopper to sed surface"
"Krause_et_al_2025_Cambodia","PS4",2024,5,11,"28.7546","126.1242","Halodule pinifolia","200","X3","13.672","19.77","6.098","4.6","78","71.5","96","24.5","1.32565217391304","2.24953329184812","0.578393936157227","0.578393936157227","0","0.029882206581533","0.0117642008689024","-25.91","measured","18.7853548817013","114.407384414962","18cm stopper to sed surface"
"Krause_et_al_2025_Cambodia","PS5",2024,5,10,"28.9336","126.1404","Halodule pinifolia","200","N1","13.664","19.188","5.524","6","1.4","0","2.9","2.9","0.920666666666667","3.57007575757568","0.767435610294342","0.767435610294342","0","0.0580644831061363","0.0072766985840708",NA,"measured","2.04900191711187","2.04900191711187","15.2cm stopper to sed surface"
"Krause_et_al_2025_Cambodia","PS5",2024,5,10,"28.9336","126.1404","Halodule pinifolia","200","N2","13.857","17.111","3.254","3.6","4.4","2.9","5.7","2.8","0.903888888888889","3.29438804826659",NA,"1.04201493966672","0","0.0580644831061363","0.00680919368181818",NA,"predicted","2.63722403285874","4.68622594997061","15.2cm stopper to sed surface"
"Krause_et_al_2025_Cambodia","PS5",2024,5,10,"28.9336","126.1404","Halodule pinifolia","200","O12","13.873","22.369","8.496","9","7","5.7","8.5","2.8","0.944","8.63190050185465",NA,"2.73027012873663","0","0.0580644831061363","0.0061866965131579",NA,"predicted","7.21665000427665","11.9028759542473","15.2cm stopper to sed surface"
"Krause_et_al_2025_Cambodia","PS5",2024,5,10,"28.9336","126.1404","Halodule pinifolia","200","O11","13.921","25.093","11.172","10","10","8.5","12.5","4","1.1172","2.23589142745557","0.462509706616402","0.462509706616402","0","0.0379750039428473","0.00569682616618076",NA,"measured","2.06686337692738","13.9697393311746","15.2cm stopper to sed surface"
"Krause_et_al_2025_Cambodia","PS5",2024,5,10,"28.9336","126.1404","Halodule pinifolia","200","O10","13.61","20.626","7.016","6","15","12.5","17.8","5.3","1.16933333333333","1.64752913158122",NA,"0.521113464319138","0","0.0379750039428473","0.00559597555727554",NA,"predicted","3.22958332466905","17.1993226558437","15.2cm stopper to sed surface"
"Krause_et_al_2025_Cambodia","PS5",2024,5,10,"28.9336","126.1404","Halodule pinifolia","200","O9","13.908","25.347","11.439","9","20.6","17.8","26","8.2","1.271","2.279113331252","0.51566219329834","0.51566219329834","0","0","0.00544586503278689",NA,"measured","5.37433451099396","22.5736571668376","15.2cm stopper to sed surface"
"Krause_et_al_2025_Cambodia","PS5",2024,5,10,"28.9336","126.1404","Halodule pinifolia","200","O8","13.912","22.232","8.32","7","31.4","26","36.9","10.9","1.18857142857143","3.05025235900803","0.755936682224274","0.755936682224274","0","0.0523230284452438","0.00703488116504855","-25.24","measured","9.79348369107927","32.3671408579169","15.2cm stopper to sed surface"
"Krause_et_al_2025_Cambodia","PS5",2024,5,10,"28.9336","126.1404","Halodule pinifolia","200","O7","13.999","22.439","8.44","7","42.4","36.9","47.9","11","1.20571428571429","2.12337011033096","0.690943002700806","0.647779097569959","0.0431639051308469","0.0317153632640839","0.00546072539274924",NA,"measured","8.59140163119928","40.9585424891162","15.2cm stopper to sed surface"
"Krause_et_al_2025_Cambodia","PS5",2024,5,10,"28.9336","126.1404","Halodule pinifolia","200","O6","13.999","22.803","8.804","7","53.4","47.9","64.2","16.3","1.25771428571429","2.4176815516465","0.63060262799263","0.63060262799263","0","0.0300038317218423","0.00769628676848874","-26.69","measured","12.9278223215154","53.8863648106316","15.2cm stopper to sed surface"
"Krause_et_al_2025_Cambodia","PS5",2024,5,10,"28.9336","126.1404","Halodule pinifolia","200","O5","13.822","22.174","8.352","7","75","64.2","79.2","15","1.19314285714286","3.32461786001616","0.915157049894333","0.915157049894333","0","0.0416341163218021","0.00696723807692308",NA,"measured","16.3786964586803","70.2650612693119","15.2cm stopper to sed surface"
"Krause_et_al_2025_Cambodia","PS5",2024,5,10,"28.9336","126.1404","Halodule pinifolia","200","O4","13.848","20.002","6.154","5","83.4","79.2","100","20.8","1.2308","2.894358777895","0.827422320842743","0.827422320842743","0","0.0205128286033869","0.00770860315614618","-26.45","measured","21.1825409638595","91.4476022331715","15.2cm stopper to sed surface"
"Krause_et_al_2025_Cambodia","PS7",2024,5,9,"29.0801","126.2233","Halodule pinifolia","170","B12","13.146","16.63","3.484","4","1.4","0","2.9","2.9","0.871","4.2267850536441","1.16254103183746","1.16254103183746","0","0.0929289385676384","0.00879782680115274","-23.89","measured","2.93646239231825","2.93646239231825","10cm stopper to sed surface"
"Krause_et_al_2025_Cambodia","PS7",2024,5,9,"29.0801","126.2233","Halodule pinifolia","170","B11","13.824","23.507","9.683","9","4.4","2.9","5.7","2.8","1.07588888888889","2.8437380314056",NA,"0.899474339333591","0","0.0929289385676384","0.00764126342105263",NA,"predicted","2.70965645308312","5.64611884540136","10cm stopper to sed surface"
"Krause_et_al_2025_Cambodia","PS7",2024,5,9,"29.0801","126.2233","Halodule pinifolia","170","B10","13.851","22.365","8.514","7","7","5.7","8.4","2.7","1.21628571428571","2.40438267221262","0.691469728946686","0.691469728946686","0","0.0550400521606207","0.00471799864485982","-25.25","measured","2.27076683358295","7.91688567898431","10cm stopper to sed surface"
"Krause_et_al_2025_Cambodia","PS7",2024,5,9,"29.0801","126.2233","Halodule pinifolia","170","B9","13.2","20.892","7.692","6","9.8","8.4","12.4","4","1.282","2.145468539542",NA,"0.678611699057134","0","0.0550400521606207","0.00520794135135135",NA,"predicted","3.47992079276498","11.3968064717493","10cm stopper to sed surface"
"Krause_et_al_2025_Cambodia","PS7",2024,5,9,"29.0801","126.2233","Halodule pinifolia","170","B8","13.094","20.055","6.961","5","15","12.4","17.8","5.4","1.3922","2.33941316415544","0.546473026275635","0.546473026275635","0","0.0414062384516001","0.00434102990963855",NA,"measured","4.10831863477707","15.5051251065264","10cm stopper to sed surface"
"Krause_et_al_2025_Cambodia","PS7",2024,5,9,"29.0801","126.2233","Halodule pinifolia","170","B7","13.168","21.851","8.683","7","20.6","17.8","25.8","8","1.24042857142857","2.44390135525442",NA,"0.773005998666972","0","0.0414062384516001","0.0122844120180723",NA,"predicted","7.6708698130575","23.1759949195839","10cm stopper to sed surface"
"Krause_et_al_2025_Cambodia","PS7",2024,5,9,"29.0801","126.2233","Halodule pinifolia","170","B6","13.102","24.641","11.539","9","31","25.8","36.4","10.6","1.28211111111111","2.17640320733096","0.61215204000473","0.61215204000473","0","0.0324337221682072","0.0048259367781155","-25.5","measured","8.31937748110162","31.4953724006855","10cm stopper to sed surface"
"Krause_et_al_2025_Cambodia","PS7",2024,5,9,"29.0801","126.2233","Halodule pinifolia","170","B5","13.186","22.398","9.212","7","41.8","36.4","47.2","10.8","1.316","2.6679221594475","1.4461522102356","1.4461522102356","0","0.055918462574482","0.00694497853035144",NA,"measured","20.5538721336365","52.049244534322","10cm stopper to sed surface"
"Krause_et_al_2025_Cambodia","PS7",2024,5,9,"29.0801","126.2233","Halodule pinifolia","170","B4","13.219","24.125","10.906","8","52.6","47.2","63.1","15.9","1.36325","0.992225859247187","0.270214878022671","0.270214878022671","0","0.0400378033518791","0.00102511199101796","-24.955","measured","5.85708987618405","57.906334410506","10cm stopper to sed surface"
"Krause_et_al_2025_Cambodia","PS7",2024,5,9,"29.0801","126.2233","Halodule pinifolia","170","B3","13.659","23.358","9.699","7","73.6","63.1","78.9","15.8","1.38557142857143","0.808407437348335","0.311126530170441","0.311126530170441","0","0","0.00372394824695122",NA,"measured","6.81119088782073","64.7175252983267","10cm stopper to sed surface"
"Krause_et_al_2025_Cambodia","PS7",2024,5,9,"29.0801","126.2233","Halodule pinifolia","170","B2","13.682","26.205","12.523","9","84.2","78.9","100","21.1","1.39144444444444","0.943779175969115","0.15305869281292","0.15305869281292","0","0","0.00105349970769231","-26.53","measured","4.49372329033663","69.2112485886634","10cm stopper to sed surface"
"Krause_et_al_2025_Cambodia","PS9",2024,5,9,"29.12","125.9052","Halodule pinifolia","200","C11","13.037","17.682","4.645","4","1.6","0","2.8","2.8","1.16125","1.92345055372062","0.424371629953384","0.424371629953384","0","0","0.0093876922972973","-21.94","measured","1.37984435479343","1.37984435479343","5cm stopper to sed surface"
"Krause_et_al_2025_Cambodia","PS9",2024,5,9,"29.12","125.9052","Halodule pinifolia","200","C10","13.138","20.435","7.297","6","4","2.8","5.4","2.6","1.21616666666667","1.54219921833735",NA,"0.487797612760105","0","0","0.00499827579207921",NA,"predicted","1.54243231146788","2.92227666626131","5cm stopper to sed surface"
"Krause_et_al_2025_Cambodia","PS9",2024,5,9,"29.12","125.9052","Halodule pinifolia","200","C9","13.759","22.774","9.015","7","6.8","5.4","8.3","2.9","1.28785714285714","1.5212399540758",NA,"0.481168197474175","0","0","0.0060123426923077",NA,"predicted","1.79706011009516","4.71933677635646","5cm stopper to sed surface"
"Krause_et_al_2025_Cambodia","PS9",2024,5,9,"29.12","125.9052","Halodule pinifolia","200","C8","13.857","23.883","10.026","8","9.8","8.3","12.2","3.9","1.25325","2.18936047628194","0.590688049793243","0.590688049793243","0","0","0.00515835041925466",NA,"measured","2.88709121377319","7.60642799012965","5cm stopper to sed surface"
"Krause_et_al_2025_Cambodia","PS9",2024,5,9,"29.12","125.9052","Halodule pinifolia","200","C7","13.777","25.125","11.348","9","14.6","12.2","17.5","5.3","1.26088888888889","2.28905277272286",NA,"0.72402739201224","0","0","0.0064768914057508",NA,"predicted","4.838465897349","12.4448938874787","5cm stopper to sed surface"
"Krause_et_al_2025_Cambodia","PS9",2024,5,9,"29.12","125.9052","Halodule pinifolia","200","C6","13.197","24.944","11.747","9","20.4","17.5","25.7","8.2","1.30522222222222","2.13599477660665","0.537748515605927","0.537748515605927","0","0.0405342020094395","0.0101890355732484",NA,"measured","5.75542676279412","18.2003206502728","5cm stopper to sed surface"
"Krause_et_al_2025_Cambodia","PS9",2024,5,9,"29.12","125.9052","Halodule pinifolia","200","C5","13.142","25.592","12.45","9","31","25.7","36.4","10.7","1.38333333333333","1.67705869705431","0.304479241371155","0.304479241371155","0","0.0311272423714399","0.00832264996815287","-23.53","measured","4.50680023769538","22.7071208879682","5cm stopper to sed surface"
"Krause_et_al_2025_Cambodia","PS9",2024,5,9,"29.12","125.9052","Halodule pinifolia","200","C4","13.128","25.683","12.555","9","41.8","36.4","47.1","10.7","1.395","2.11274758760787","0.452457129955292","0.452457129955292","0","0","0.00759015636923077",NA,"measured","6.75360135027766","29.4607222382458","5cm stopper to sed surface"
"Krause_et_al_2025_Cambodia","PS9",2024,5,9,"29.12","125.9052","Halodule pinifolia","200","C3","13.119","20.12","7.001","5","52.4","47.1","62.6","15.5","1.4002","1.61368717799168","0.287168428301811","0.287168428301811","0","0.0119350580498576","0.0104232661682243","-23.55","measured","6.23244511627704","35.6931673545228","5cm stopper to sed surface"
"Krause_et_al_2025_Cambodia","PS9",2024,5,9,"29.12","125.9052","Halodule pinifolia","200","C2","13.243","24.364","11.121","8","72.8","62.6","80.8","18.2","1.390125","1.36620770626538","0.203154668211937","0.203154668211937","0","0","0.00887455203488372",NA,"measured","5.13986897329576","40.8330363278186","5cm stopper to sed surface"
"Krause_et_al_2025_Cambodia","PS9",2024,5,9,"29.12","125.9052","Halodule pinifolia","200","C1","13.101","24.751","11.65","8","88.8","80.8","100","19.2","1.45625","1.55387063558929","0.191979274153709","0.191979274153709","0","0","0.0104223337738854","-23.95","measured","5.36774050533772","46.2007768331563","5cm stopper to sed surface"
