"study_id","site_id","plot_id","core_id","representative_depth_min","representative_depth_max","sediment_dry_weight","dry_bulk_density","fraction_carbon","fraction_h2o","depth_interval_notes","soil_color","soil_carbon_density","interval_carbon_stock"
"Romero_et_al_2025","R1","1","R1-1","0","15","141.13",1.98049396575919,0.0086,0.726912181303116,"Sin M.O","Light yellowish brown",0.01703,0.25548
"Romero_et_al_2025","R1","1","R1-1","15","30","129.95",1.82360370474319,0.0085,0.707981476436938,"Pocas raíces","Light yellowish brown",0.0155,0.23251
"Romero_et_al_2025","R1","2","R1-2","0","15","57.6",0.808307605950042,0.0547,0.428826682549136,"Raíces","Gray",0.04421,0.66322
"Romero_et_al_2025","R1","2","R1-2","15","30","51.6",0.724108896996913,0.0711,0.393742846241892,"Raíces y una raíz grande","Dark gray",0.05148,0.77226
"Romero_et_al_2025","R1","2","R1-2","30","50","92.65",1.30016839741791,0.0216,0.583475029913723,"Raíces y una raíz grande","Gray",0.02808,0.56167
"Romero_et_al_2025","R1","2","R1-2","50","100","136.11",1.9100477126017401,0.0026,0.722452229299363,"0.1 % raíces","Gray",0.00497,0.15395
"Romero_et_al_2025","R1","3","R1-3","0","15","66.18",0.928711759753017,0.0406,0.462991464950329,"Raíces","Gray",0.03771,0.56559
"Romero_et_al_2025","R1","3","R1-3","15","30","46.77",0.656328936289644,0.0545,0.37225405921681004,"Raíces","Gray",0.03577,0.53655
"Romero_et_al_2025","R1","3","R1-3","30","50","83.39",1.17022172326691,0.0245,0.523510578190721,"Raíces","Gray",0.02867,0.57341
"Romero_et_al_2025","R1","3","R1-3","50","100","145.04",2.03536345776031,0.0026,0.744596745212793,"Pocas raíces","Gray",0.00529,0.13759
"Romero_et_al_2025","R1","4","R1-4","0","15","89.77",1.2597530171204,0.027000000000000003,0.5486157795025359,"Raíces","Gray",0.03401,0.5102
"Romero_et_al_2025","R1","4","R1-4","15","30","72.77",1.02119000841987,0.0321,0.48643048128342303,"Raíces y una raíz grande","Gray",0.03278,0.4917
"Romero_et_al_2025","R1","4","R1-4","30","50","78.86",1.1066516980073,0.022400000000000003,0.535915732246007,"Raíces y una raíz grande","Gray",0.02479,0.49578
"Romero_et_al_2025","R1","4","R1-4","50","100","101.97",1.43095705865843,0.0219,0.599752970238795,"Raíces","Dark gray",0.03134,1.1595
"Romero_et_al_2025","R2","1","R2-1","0","15","54.24",0.513879677877783,0.0471,0.412220702234382,"Pocas raíces","Gray",0.0242,0.36306
"Romero_et_al_2025","R2","1","R2-1","15","30","75.62",0.685771288655119,0.045899999999999996,0.425668449197861,"Pocas raíces","Dark gray",0.03148,0.47215
"Romero_et_al_2025","R2","1","R2-1","30","50","66.37",0.597820212574311,0.0493,0.44158349966733196,"Pocas raíces y una raíz grande","Gray",0.02947,0.58945
"Romero_et_al_2025","R2","1","R2-1","50","100","64.32",0.576447392005736,0.053,0.437194127243067,"Muestra compacta","Gray",0.03055,0.73324
"Romero_et_al_2025","R2","2","R2-2","0","15","55.4",0.524869729985789,0.055099999999999996,0.399077942659559,"Pocas raíces","Grayish brown",0.02892,0.4338
"Romero_et_al_2025","R2","2","R2-2","15","30","56.15",0.509204679423234,0.051100000000000007,0.412564290962528,"Pocas raíces","Gray",0.02602,0.39031
"Romero_et_al_2025","R2","2","R2-2","30","50","62.84",0.566024139794632,0.048,0.46236480023545,"Raíces y una raíz grande","Gray",0.02717,0.54338
"Romero_et_al_2025","R2","2","R2-2","50","100","73.02",0.654418354543825,0.038900000000000004,0.474125056814493,"Pocas raíces y una raíz grande","Gray",0.02546,0.56005
"Romero_et_al_2025","R2","3","R2-3","0","15","49.49",0.46887730933207,0.0596,0.372749868193116,"Pocas raíces","Grayish brown",0.02795,0.41918
"Romero_et_al_2025","R2","3","R2-3","15","30","59.27",0.53749886641879,0.049699999999999994,0.41964032851883304,"Pocas raíces","Grayish brown",0.02671,0.40071
"Romero_et_al_2025","R2","3","R2-3","30","50","63.07",0.568095838587642,0.04190000000000001,0.44607115071787296,"Pocas raíces","Gray",0.0238,0.47606
"Romero_et_al_2025","R2","3","R2-3","50","100","75.94",0.680587918981896,0.035,0.494047231800143,"Pocas raíces y una raíz grande","Gray",0.02382,0.30967
"Romero_et_al_2025","R2","4","R2-4","0","15","46.76",0.44301279014685,0.0649,0.364998829131215,"Pocas raíces","Grayish brown",0.02875,0.43127
"Romero_et_al_2025","R2","4","R2-4","15","30","53.39",0.48417520631178,0.0645,0.395657329183341,"Pocas raíces","Gray",0.03123,0.46844
"Romero_et_al_2025","R2","4","R2-4","30","50","76.05",0.685011709601874,0.046900000000000004,0.485570169837824,"Pocas raíces y una raíz grande","Dark gray, gray",0.03213,0.64254
"Romero_et_al_2025","R2","5","R2-5","0","15","43.98",0.416674561819043,0.0703,0.35260161949811597,"Pocas raíces","Grayish brown",0.02929,0.43938
"Romero_et_al_2025","R2","5","R2-5","15","30","65.23",0.591548018500045,0.0496,0.424370567952638,"Pocas raíces","Gray",0.02934,0.44011
"Romero_et_al_2025","R2","5","R2-5","30","50","74.72",0.67303188614664,0.042300000000000004,0.47100353000504297,"Pocas raíces y una raíz grande","Dark gray",0.02847,0.56938
"Romero_et_al_2025","R2","6","R2-6","0","15","58.5",0.554239696826149,0.0496,0.411103302881237,"Raíces y una concha de 1cm","Gray",0.02749,0.41235
"Romero_et_al_2025","R2","6","R2-6","15","30","63.04",0.571687675705087,0.051,0.424626161929139,"Raíces","Gray",0.02916,0.43734
"Romero_et_al_2025","R2","6","R2-6","30","50","79.02",0.711763646189876,0.032,0.496887379739672,"Pocas raíces y una raíz grande","Dark gray",0.02278,0.45553
"Romero_et_al_2025","R2","6","R2-6","50","100","90.88",0.81448288223696,0.0278,0.563666811387459,"Raíces y dos raíces grandes","Gray",0.02264,0.54342
"Romero_et_al_2025","R3","1","R3-1","0","15","48.03",0.455045002368546,0.0703,0.357792014302741,"Raíces y una raíz grande","Grayish brown",0.03199,0.47984
"Romero_et_al_2025","R3","1","R3-1","15","30","35.17",0.318944409177474,0.0801,0.297647257955315,"Raíces y una raíz grande","Dark gray",0.02555,0.38321
"Romero_et_al_2025","R3","1","R3-1","30","50","46.51",0.418933525490903,0.0654,0.346494822319899,"Raíces y una raíz grande","Dark gray",0.0274,0.54797
"Romero_et_al_2025","R3","2","R3-2","0","15","48.4",0.458550450023685,0.0547,0.37362976686737703,"Pocas raíces","Light brownish gray",0.02508,0.37624
"Romero_et_al_2025","R3","2","R3-2","15","30","58.2",0.527795411263263,0.0504,0.397975929978118,"Raíces","Light brownish gray",0.0266,0.39901
"Romero_et_al_2025","R3","2","R3-2","30","50","50.93",0.458746171860926,0.054900000000000004,0.37037306377718,"Una raíz grande","Gray",0.02519,0.35259
"Romero_et_al_2025","R3","3","R3-3","0","15","39.15",0.370914258645192,0.0953,0.299151830060365,"Raíces y una raíz grande","Gray",0.03535,0.53022
"Romero_et_al_2025","R3","3","R3-3","15","30","36.9",0.334633173120522,0.08380000000000001,0.294164540816327,"Raíces y una raíz grande","Gray",0.02804,0.42063
"Romero_et_al_2025","R3","3","R3-3","30","50","47.91",0.431543865970095,0.0786,0.333728057954862,"Raíces y una raíz grande","Very dark gray",0.03392,0.67839
"Romero_et_al_2025","R3","3","R3-3","50","100","62.44",0.559598494353827,0.063,0.418751257460935,"Raíces y una raíz grande","Dark gray",0.03525,0.84611
"Romero_et_al_2025","R3","4","R3-4","0","15","38.6",0.365703458076741,0.061,0.316186107470511,"Raíces","Grayish brown",0.02231,0.33462
"Romero_et_al_2025","R3","4","R3-4","15","30","40.19",0.364469030561349,0.0679,0.28550117212474196,"Raíces y una raíz grande","Gray",0.02475,0.37121
"Romero_et_al_2025","R3","4","R3-4","30","50","41.81",0.376598811025041,0.056100000000000004,0.314006759294029,"Raíces y una raíz grande","Gray",0.02113,0.42254
"Romero_et_al_2025","R3","4","R3-4","50","100","67.02",0.60064527693135,0.053200000000000004,0.44437077310701495,"Pocas raíces y una raíz grande","Gray",0.03195,0.86277
"Romero_et_al_2025","R3","5","R3-5","0","15","37.37",0.354050213169114,0.0825,0.321241296312215,"Pocas raíces y una raíz grande","Gray",0.02921,0.43814
"Romero_et_al_2025","R3","5","R3-5","15","30","35.11",0.31840029019679,0.08800000000000001,0.269558541266795,"Raíces y una raíz grande","Dark gray",0.02802,0.42029
"Romero_et_al_2025","R3","5","R3-5","30","50","47.7",0.429652314898217,0.0611,0.363013698630137,"Raíces","Dark gray",0.02625,0.52504
"Romero_et_al_2025","R3","5","R3-5","50","100","57.18",0.51245742964689,0.0508,0.418809052955394,"Raíces y una raíz grande","Gray",0.02603,0.85908
"Romero_et_al_2025","R3","6","R3-6","0","15","50.9",0.482235907153008,0.0737,0.396139777414585,"Raíces y una raíz grande","Grayish brown",0.03554,0.53311
"Romero_et_al_2025","R3","6","R3-6","15","30","49.82",0.451800126961096,0.0661,0.384294970688059,"Pocas raíces y una raíz grande","Gray",0.02986,0.44796
"Romero_et_al_2025","R3","6","R3-6","30","50","41.68",0.375427850837687,0.067,0.335129050414087,"Raíces y una raíz grande","Dark gray",0.02515,0.50307
"Romero_et_al_2025","R4","1","R4-1","0","15","57.88",0.548365703458077,0.0504,0.409017030598544,"Raíces","Light brownish gray",0.02764,0.41456
"Romero_et_al_2025","R4","1","R4-1","15","30","55.09",0.499591910764487,0.052300000000000006,0.391625790858037,"Raíces","Gray",0.02613,0.39193
"Romero_et_al_2025","R4","2","R4-2","0","15","33.75",0.319753671245855,0.1325,0.277983691623425,"Raíces y una raíz grande","Very dark gray",0.04237,0.63551
"Romero_et_al_2025","R4","2","R4-2","15","30","34.47",0.312596354402829,0.14300000000000002,0.284405940594059,"Raíces","Very dark gray",0.0447,0.67052
"Romero_et_al_2025","R4","2","R4-2","30","50","38.05",0.342731039452351,0.11380000000000001,0.30834683954619097,"Raíces y una raíz grande","Very dark gray",0.039,0.78006
"Romero_et_al_2025","R4","3","R4-3","0","15","32.97",0.312363808621506,0.1286,0.275738061386635,"Raíces y una raíz grande","Dark gray",0.04017,0.8034
"Romero_et_al_2025","R4","3","R4-3","15","30","37.64",0.341343973882289,0.1174,0.318551117129316,"Raíces y una raíz grande","Very dark gray",0.04007,0.60111
"Romero_et_al_2025","R4","3","R4-3","30","50","45.14",0.406593406593407,0.1139,0.33868547418967604,"Pocas raíces y una concha de 0.8cm","Very dark gray",0.04631,0.69466
"Romero_et_al_2025","R4","3","R4-3","50","100","45.56",0.40831690267073,0.1245,0.33350413586121097,"Raíces","Very dark gray",0.05084,1.01671
"Romero_et_al_2025","R4","4","R4-4","0","15","48.06",0.455329227854098,0.07690000000000001,0.361979362807863,"Raíces","Gray",0.03501,0.66528
"Romero_et_al_2025","R4","4","R4-4","15","30","48.95",0.443910401741181,0.0771,0.376799322607959,"Raíces y una raíz grande","Dark gray",0.03423,0.51338
"Romero_et_al_2025","R4","4","R4-4","30","50","67.62",0.609079445145019,0.0747,0.468088052055932,"25% raíces y una raíz grande","Very dark gray",0.0455,0.68247
"Romero_et_al_2025","R5","1","R5-1","0","15","53.98",0.511416390336333,0.0483,0.407580791301722,"Pocas raíces y una raíz grande","Grayish brown",0.0247,0.37052
"Romero_et_al_2025","R5","1","R5-1","15","30","48.62",0.44091774734742,0.050199999999999995,0.37273842379638095,"Pocas raíces","Grayish brown",0.02213,0.33201
"Romero_et_al_2025","R5","1","R5-1","30","50","48.81",0.439650513421005,0.0565,0.358897058823529,"Pocas raíces","Dark gray",0.02484,0.39744
"Romero_et_al_2025","R5","2","R5-2","0","15","45.24",0.428612032212222,0.0874,0.361486216540152,"Exoesqueleto de insecto de 2 cm, raíces y una raíz grande","Dark gray",0.03746,0.56191
"Romero_et_al_2025","R5","2","R5-2","15","30","45.78",0.415162782261721,0.08810000000000001,0.340447683498178,"Raíces y una raíz grande","Very dark gray",0.03658,0.54864
"Romero_et_al_2025","R5","2","R5-2","30","50","43.39",0.390830480994415,0.07980000000000001,0.33320534480110603,"Pocas raíces","Very dark gray",0.03119,0.62377
"Romero_et_al_2025","R5","2","R5-2","50","100","43.96",0.393977415307403,0.0626,0.400546697038724,"Pocas raíces","Very dark gray",0.02466,0.8632
"Romero_et_al_2025","R5","3","R5-3","0","15","42.36",0.401326385599242,0.1277,0.334491471888819,"Raíces y una raíz grande","Dark gray",0.05125,0.76874
"Romero_et_al_2025","R5","3","R5-3","15","30","41.57",0.376983767117076,0.11109999999999999,0.317279804609983,"Raíces y una raíz grande","Very dark gray",0.04188,0.62824
"Romero_et_al_2025","R5","3","R5-3","30","50","37.78",0.340299045217078,0.1115,0.29905802263912,"Raíces y una raíz grande","Very dark gray",0.03794,0.75887
"Romero_et_al_2025","R5","3","R5-3","50","100","39.92",0.357770209715003,0.1229,0.307526384716124,"Raíces","Very dark gray",0.04397,1.89071
"Romero_et_al_2025","R5","4","R5-4","0","15","44.23",0.419043107531975,0.12390000000000001,0.334189648658859,"Raíces y una raíz grande","Dark gray",0.05192,0.77879
"Romero_et_al_2025","R5","4","R5-4","15","30","43.19",0.391674979595538,0.1025,0.33103395416570897,"Raíces y una raíz grande","Dark gray",0.04015,0.6022
"Romero_et_al_2025","R5","4","R5-4","30","50","43.39",0.390830480994415,0.1322,0.331196091901382,"Raíces","Very dark gray",0.05167,1.03336
"Romero_et_al_2025","R5","4","R5-4","50","100","43.72",0.391826492202904,0.1081,0.320457377409661,"30% raíces","Very dark gray",0.04236,1.56719
"Romero_et_al_2025","R5","5","R5-5","0","15","43.94",0.416295594504974,0.10490000000000001,0.32528871779686097,"Raíces y una raíz grande","Dark gray",0.04367,0.65504
"Romero_et_al_2025","R5","5","R5-5","15","30","44.84",0.406638251564342,0.10289999999999999,0.33232046246201696,"Raíces","Very dark gray",0.04184,0.62765
"Romero_et_al_2025","R5","5","R5-5","30","50","54.36",0.489641506034949,0.0962,0.37115936091765694,"Raíces","Very dark gray",0.0471,0.94207
"Romero_et_al_2025","R5","5","R5-5","50","100","45.07",0.403925434665711,0.1117,0.34605343980344005,"Pocas raíces y una raíz grande","Very dark gray",0.04512,0.7219
"Romero_et_al_2025","R5","6","R5-6","0","15","37.01",0.350639507342492,0.052300000000000006,0.337374658158614,"Pocas raíces","Dark gray",0.01834,0.27508
"Romero_et_al_2025","R5","6","R5-6","15","30","34.09",0.309150267525166,0.0802,0.287073684210526,"30% raíces","Very dark gray",0.02479,0.37191
"Romero_et_al_2025","R5","6","R5-6","30","50","41.97",0.378039992794091,0.0799,0.299358059914408,"Pocas raíces","Dark gray",0.03021,0.60411
"Romero_et_al_2025","R5","6","R5-6","50","100","47.9",0.429288402939595,0.0645,0.340779738190097,"Raíces","Dark gray",0.02769,0.96912
"Romero_et_al_2025","SF1","1","SF1-1A","0","15","63.85",0.604926575082899,0.048499999999999995,0.476634816363093,"20% raíces","Gray",0.02934,0.44008
"Romero_et_al_2025","SF1","1","SF1-1A","15","30","63.81",0.578670535957196,0.0452,0.463600697471665,"30% raíces y una raíz grande","Gray",0.02616,0.39234
"Romero_et_al_2025","SF1","1","SF1-1A","30","50","55.42",0.499189335254909,0.059500000000000004,0.40948721737845406,"Raíces y una raíz grande","Gray",0.0297,0.44553
"Romero_et_al_2025","SF1","1","SF1-1A","50","100","72.81",0.652536296827388,0.0482,0.44545732639951097,"30% raíces","Dark gray",0.03145,0.47178
"Romero_et_al_2025","SF1","1","SF1-1B","0","15","72.27",0.684699194694458,0.0391,0.450954698614751,"Pocas raíces","Dark gray",0.02677,0.40158
"Romero_et_al_2025","SF1","1","SF1-1B","15","30","63.18",0.572957286660016,0.0501,0.442096424323001,"Pocas raíces","Dark gray",0.02871,0.43058
"Romero_et_al_2025","SF1","1","SF1-1B","30","50","65.02",0.585660241397946,0.0467,0.43465472290928503,"Pocas raíces","Dark gray",0.02735,0.41025
"Romero_et_al_2025","SF1","1","SF1-1B","50","100","64.11",0.574565334289299,0.042800000000000005,0.44945316881660097,"Pocas raíces","Dark gray",0.02459,0.36887
"Romero_et_al_2025","SF1","1","SF1-1C","0","15","70.75",0.67029843675983,0.0481,0.47273820660162996,"Raíces","Dark gray",0.03224,0.48362
"Romero_et_al_2025","SF1","1","SF1-1C","15","30","59.38",0.538496417883377,0.0431,0.42278390886436495,"Raíces","Dark gray",0.02321,0.34814
"Romero_et_al_2025","SF1","1","SF1-1C","30","50","62.04",0.558818230949378,0.0611,0.392658227848101,"Raíces","Dark gray",0.03414,0.51216
"Romero_et_al_2025","SF1","1","SF1-1C","50","100","74.79",0.670281412439505,0.0462,0.486977471024873,"Raíces","Dark gray",0.03097,0.46451
"Romero_et_al_2025","SF1","2","SF1-2","0","15","62.44",0.591567977261961,0.0524,0.44853099633647,"30% raíces","Dark gray",0.031,0.46497
"Romero_et_al_2025","SF1","2","SF1-2","15","30","61.75",0.559989117620386,0.0555,0.419184033670491,"20% raíces","Dark gray",0.03108,0.46619
"Romero_et_al_2025","SF1","2","SF1-2","30","50","65.07",0.586110610700775,0.053899999999999997,0.445745992601726,"Raíces","Dark gray",0.03159,0.47387
"Romero_et_al_2025","SF1","2","SF1-2","50","100","47.69",0.427406345223158,0.054900000000000004,0.390293804730338,"20% Raíces","Gray",0.02346,0.35197
"Romero_et_al_2025","SF1","3","SF1-3A","0","15","35.76",0.33879677877783,0.0611,0.307454217178231,"Raíces","Very dark gray",0.0207,0.31051
"Romero_et_al_2025","SF1","3","SF1-3A","15","30","56.61",0.513376258275143,0.045,0.410455336426914,"Raíces","Dark gray",0.0231,0.34653
"Romero_et_al_2025","SF1","3","SF1-3A","30","50","54.67",0.492433795712484,0.050199999999999995,0.40737704918032797,"Raíces y una raíz grande","Dark gray",0.02472,0.3708
"Romero_et_al_2025","SF1","3","SF1-3A","50","100","61.85",0.5543108083886,0.052000000000000005,0.434278893413846,"30% raíces","Very dark gray",0.02882,0.43236
"Romero_et_al_2025","SF1","3","SF1-3B","0","15","45.46",0.430696352439602,0.0417,0.361568440308598,"Raíces","Dark gray",0.01796,0.2694
"Romero_et_al_2025","SF1","3","SF1-3B","15","30","50.76",0.460324657658475,0.0449,0.389025137952177,"Raíces y una raíz grande","Dark gray",0.02067,0.31002999999999997
"Romero_et_al_2025","SF1","3","SF1-3B","30","50","89.9",0.809764006485318,0.0323,0.527737012034048,"Raíces y una raíz grande","Dark gray",0.02616,0.39233
"Romero_et_al_2025","SF1","3","SF1-3B","50","100","77.27",0.692507617852662,0.0473,0.468842910017596,"Pocas raíces","Dark gray",0.03276,0.49133
"Romero_et_al_2025","SF1","3","SF1-3C","0","15","60.96",0.577546186641402,0.035,0.43350874697766995,"Raíces y una raíz grande","Gray",0.02021,0.30321
"Romero_et_al_2025","SF1","3","SF1-3C","15","30","53.52",0.485354130769928,0.0432,0.368442792234614,"Raíces y una raíz grande","Gray",0.02097,0.31451
"Romero_et_al_2025","SF1","3","SF1-3C","30","50","82.33",0.74157809403711,0.032799999999999996,0.509751718159866,"Pocas raíces y una raíz grande","Dark gray",0.02432,0.36486
"Romero_et_al_2025","SF1","3","SF1-3C","50","100","49.21",0.441028858218319,0.056100000000000004,0.386962333883778,"Pocas raíces","Dark gray",0.02474,0.37113
"Romero_et_al_2025","SF1","4","SF1-4","0","15","96.95",0.91852202747513,0.0131,0.621713479543414,"Pocas raíces","Gray",0.01203,0.18049
"Romero_et_al_2025","SF1","4","SF1-4","15","30","115.88",1.05087512469393,0.0172,0.632809086937527,"Pocas raíces","Gray",0.01808,0.27113
"Romero_et_al_2025","SF1","4","SF1-4","30","50","108.07",0.973428211133129,0.009000000000000001,0.642585325246759,"Pocas raíces","Dark gray",0.00876,0.13141
"Romero_et_al_2025","SF1","4","SF1-4","50","100","100.38",0.899623588456713,0.0067,0.627218195451137,"Pocas raíces","Dark gray",0.00603,0.09041
"Romero_et_al_2025","SF1","5","SF1-5","0","15","116.42",1.10298436759829,0.009300000000000001,0.6982546632279739,"0.1% raíces","Olive gray",0.01026,0.15387
"Romero_et_al_2025","SF1","5","SF1-5","15","30","121.19",1.09902965448445,0.0098,0.696934843866812,"0.1% raíces","Olive gray",0.01077,0.16156
"Romero_et_al_2025","SF1","5","SF1-5","30","50","127.01",1.1440281030445,0.009300000000000001,0.6965558846111659,"0.1% raíces","Gray",0.01064,0.15959
"Romero_et_al_2025","SF1","5","SF1-5","50","100","136.29",1.22145545796738,0.001,0.731719102330076,"sin M.O","Gray",0.00122,0.01832
"Romero_et_al_2025","SF2","1","SF2-1","0","15","37.09",0.35139744197063,0.08900000000000001,0.335049683830172,"Raíces","Gray",0.03127,0.46912
"Romero_et_al_2025","SF2","1","SF2-1","15","30","39.58",0.358937154257731,0.0724,0.308615984405458,"Raíces","Dark gray",0.02599,0.38981
"Romero_et_al_2025","SF2","1","SF2-1","30","50","43.35",0.390470185552153,0.0668,0.346439702709182,"15% raíces","Dark gray",0.02608,0.52167
"Romero_et_al_2025","SF2","1","SF2-1","50","100","37.18",0.333213837605306,0.0633,0.33680587009692897,"Raíces","Dark gray",0.02109,1.05462
"Romero_et_al_2025","SF2","2","SF2-2","0","15","35.65",0.33775461866414,0.08560000000000001,0.299252916981449,"Raíces","Gray",0.02891,0.43368
"Romero_et_al_2025","SF2","2","SF2-2","15","30","29.7",0.269338895438469,0.08109999999999999,0.282212086659065,"Raíces y una raíz grande","Dark gray",0.02184,0.32765
"Romero_et_al_2025","SF2","2","SF2-2","30","50","34.61",0.311745631417763,0.07400000000000001,0.284504726674887,"Raíces y una raíz grande","Dark gray",0.02307,0.36911
"Romero_et_al_2025","SF2","3","SF2-3","0","15","35.74",0.338607295120796,0.0967,0.290380240493988,"Raíces y una raíz grande","Gray",0.03274,0.49115
"Romero_et_al_2025","SF2","3","SF2-3","15","30","43.26",0.392309785073003,0.094,0.311088738673954,"Raíces y una raíz grande","Dark gray",0.03688,0.55316
"Romero_et_al_2025","SF2","3","SF2-3","30","50","33.83",0.304719870293641,0.1,0.27417132668773797,"Raíces","Dark gray",0.03047,0.60944
"Romero_et_al_2025","SF2","3","SF2-3","50","100","38.63",0.34620899802832,0.0934,0.287233251542866,"Raíces y una raíz grande","Dark gray",0.03234,0.90541
"Romero_et_al_2025","SF2","4","SF2-4","0","15","47.12",0.446423495973472,0.0696,0.364847077042199,"Raíces","Gray",0.03107,0.46607
"Romero_et_al_2025","SF2","4","SF2-4","15","30","33.97",0.308062029563798,0.08960000000000001,0.293959847698165,"Raíces y una raíz grande","Dark gray",0.0276,0.41404
"Romero_et_al_2025","SF2","4","SF2-4","30","50","42.52",0.382994055125203,0.094,0.33097221141122396,"Raíces y una raíz grande","Dark gray",0.036,0.72003
"Romero_et_al_2025","SF2","4","SF2-4","50","100","36.56",0.327657286252017,0.0885,0.304971638304972,"Raíces y dos raíz grandes","Very dark gray",0.029,1.2179
"Romero_et_al_2025","SF2","5","SF2-5","0","15","51.55",0.488394126006632,0.0824,0.37344248044045203,"Raíces","Dark gray",0.04024,0.60366
"Romero_et_al_2025","SF2","5","SF2-5","15","30","39.43",0.357576856806022,0.1059,0.30028177595004196,"Raíces y una raíz grande","Very dark gray",0.03787,0.56801
"Romero_et_al_2025","SF2","5","SF2-5","30","50","42.79",0.385426049360476,0.0915,0.316869075829384,"Raíces","Dark gray",0.03527,0.70533
"Romero_et_al_2025","SF2","5","SF2-5","50","100","51.76",0.463882416203621,0.06269999999999999,0.39301442672741105,"Raíces","Dark gray",0.02909,1.1925
"Romero_et_al_2025","SF2","6","SF2-6","0","15","44.21",0.418853623874941,0.0855,0.341838707183175,"Raíces y una raíz grande","Very dark gray",0.03581,0.53718
"Romero_et_al_2025","SF2","6","SF2-6","15","30","48.53",0.440101568876394,0.0788,0.356105077781039,"Pocas raíces","Very dark gray",0.03468,0.5202
"Romero_et_al_2025","SF2","6","SF2-6","30","50","47.68",0.429472167177085,0.0799,0.341694137881611,"Raíces","Very dark gray",0.03431,0.54904
"Romero_et_al_2025","SF3","1","SF3-1","0","15","53.65",0.508289909995263,0.051699999999999996,0.43206893774663796,"Raíces","Gray",0.02628,0.39418
"Romero_et_al_2025","SF3","1","SF3-1","15","30","59.65",0.540944953296454,0.053200000000000004,0.42781323961844697,"Raíces","Grayish brown",0.02878,0.43167
"Romero_et_al_2025","SF3","1","SF3-1","30","50","47.33",0.426319582057287,0.0572,0.401407853447545,"Raíces y una raíz grande","Gray",0.02439,0.48771
"Romero_et_al_2025","SF3","1","SF3-1","50","100","56.99",0.510754615522495,0.0562,0.406316840154,"Pocas raíces","Gray",0.0287,1.2917
"Romero_et_al_2025","SF3","2","SF3-2","0","15","56.35",0.533870203694931,0.066,0.400213068181818,"Raíces","Gray, grayish brown",0.03524,0.52853000000000006
"Romero_et_al_2025","SF3","2","SF3-2","15","30","54.77",0.496689942867507,0.06269999999999999,0.403165255796835,"30% raíces y una raíz grande","Gray",0.03114,0.46714
"Romero_et_al_2025","SF3","2","SF3-2","30","50","42.96",0.386957304990092,0.061,0.36431478968792397,"Raíces","Gray",0.0236,0.47209
"Romero_et_al_2025","SF3","2","SF3-2","50","100","61.03",0.546961821114895,0.0694,0.417327680525164,"30% raíces y una raíz grande","Gray",0.03796,1.89796
"Romero_et_al_2025","SF3","3","SF3-3","0","15","19.03",0.180293699668404,0.1852,0.17417170053084402,"Raíces","Dark gray",0.03339,0.50086
"Romero_et_al_2025","SF3","3","SF3-3","15","30","27.87",0.252743266527614,0.1524,0.23101790450928403,"Raíces","Dark gray",0.03852,0.57777
"Romero_et_al_2025","SF3","3","SF3-3","30","50","30.1",0.271122320302648,0.1234,0.27602017423200403,"Raíces y dos raíz grandes","Dark gray",0.03346,0.66913
"Romero_et_al_2025","SF3","3","SF3-3","50","100","34.48",0.309015952679692,0.11,0.25380934854619097,"50% raíces","Dark gray, gray",0.03399,1.69959
"Romero_et_al_2025","SF3","4","SF3-4","0","15","31.24",0.295973472288015,0.1499,0.261948683548549,"Raíces y una raíz grande","Dark gray",0.04437,0.6655
"Romero_et_al_2025","SF3","4","SF3-4","15","30","30.59",0.277409993651945,0.1459,0.26105137395460004,"Raíces","Very dark gray",0.04047,0.60711
"Romero_et_al_2025","SF3","4","SF3-4","30","50","31.57",0.284363177805801,0.12890000000000001,0.269506573331057,"Raíces y tres raíz grandes","Dark gray",0.03665,0.73309
"Romero_et_al_2025","SF3","4","SF3-4","50","100","29.32",0.262771105932963,0.1092,0.23862619028241197,"50% raíces","Dark gray",0.02869,1.43473
"Romero_et_al_2025","SF3","5","SF3-5","0","15","29.52",0.279677877783041,0.16690000000000002,0.254592496765847,"Raíces y una raíz grande","Very dark gray",0.04668,0.70017
"Romero_et_al_2025","SF3","5","SF3-5","15","30","39.41",0.35739548381246,0.1441,0.295449433990554,"Raíces y una raíz grande","Very dark gray",0.0515,0.77251
"Romero_et_al_2025","SF3","5","SF3-5","30","50","29.49",0.265627814808143,0.1382,0.251685585047367,"Raíces y una raíz grande","Very dark gray",0.03671,0.7342
"Romero_et_al_2025","SF3","5","SF3-5","50","100","31.38",0.281233195913246,0.1125,0.25759317025119,"Raíces","Very dark gray",0.03164,1.07572
"Romero_et_al_2025","SF3","6","SF3-6","0","15","22.28",0.211084793936523,0.18230000000000002,0.203861286485497,"Raíces","Dark gray",0.03848,0.57721
"Romero_et_al_2025","SF3","6","SF3-6","15","30","16.71",0.151537136120432,0.2027,0.172891877909984,"Raíces y una raíz grande","Black",0.03072,0.46075
"Romero_et_al_2025","SF3","6","SF3-6","30","50","29.41",0.264907223923617,0.1424,0.23744550298724398,"Raíces","Very dark gray",0.03772,0.75446
"Romero_et_al_2025","SF3","6","SF3-6","50","100","31.36",0.281053952321205,0.1421,0.246754268628531,"Raíces","Very dark gray",0.03994,1.59751
"Romero_et_al_2025","SL1","1","SL1-1","0","15","26.46",0.25068687825675,0.11199999999999999,0.23269721220649,"Raíces","Gray",0.02808,0.42115
"Romero_et_al_2025","SL1","1","SL1-1","15","30","41.31",0.37462591820078,0.08710000000000001,0.30978627671541104,"Raíces","Gray",0.03263,0.48945
"Romero_et_al_2025","SL1","1","SL1-1","30","50","42.6",0.383714646009728,0.0661,0.32373280644425895,"20% raíz","Drak gray",0.02536,0.50727
"Romero_et_al_2025","SL1","1","SL1-1","50","100","51.31",0.459849435382685,0.0492,0.373816115401428,"30% raíz","Drak gray",0.02262,0.83711
"Romero_et_al_2025","SL1","2","SL1-2","0","15","32.81",0.31084793936523,0.0906,0.29151488227454503,"Raíces","Gray",0.02816,0.42244
"Romero_et_al_2025","SL1","2","SL1-2","15","30","28.22",0.255917293914936,0.0917,0.250955980435749,"Raíces","Gray",0.02347,0.35201
"Romero_et_al_2025","SL1","2","SL1-2","30","50","52.34",0.471446586200685,0.1025,0.359329946450639,"Raíces","Drak gray",0.04832,0.96647
"Romero_et_al_2025","SL1","2","SL1-2","50","100","46.27",0.414680050188206,0.0699,0.337417049515059,"Raíces","Drak gray",0.02899,0.92756
"Romero_et_al_2025","SL1","3","SL1-3","0","15","45.26",0.428801515869256,0.1305,0.34168805677185604,"Raíces","Dark gray",0.05596,0.83938
"Romero_et_al_2025","SL1","3","SL1-3","15","30","51.22",0.464496236510384,0.1162,0.361825374399548,"Raíces","Dark gray",0.05397,0.80962
"Romero_et_al_2025","SL1","3","SL1-3","30","50","50.9",0.458475950279229,0.0545,0.37322188004106205,"Raíces","Dark gray",0.02499,0.49974
"Romero_et_al_2025","SL1","3","SL1-3","50","100","56.29",0.50448108980104,0.033,0.41395793499044,"Poca raíz","Gray",0.01665,0.51608
"Romero_et_al_2025","SL1","4","SL1-4","0","15","39.37",0.372998578872572,0.1084,0.302264875239923,"Raíces","Gray",0.04043,0.6065
"Romero_et_al_2025","SL1","4","SL1-4","15","30","37.06",0.336084157069012,0.1319,0.297694593943289,"Raíces y una raíz grande","Dark gray",0.04433,0.66494
"Romero_et_al_2025","SL1","4","SL1-4","30","50","46.81",0.421635741307872,0.1027,0.330299181484618,"Raíces","Very dark gray",0.0433,0.86604
"Romero_et_al_2025","SL1","4","SL1-4","50","100","54.7",0.490231224233734,0.06849999999999999,0.380204351150344,"Raíces","Very dark gray",0.03358,1.67904
"Romero_et_al_2025","SL1","5","SL1-5","0","15","62.62",0.593273330175272,0.07,0.435768963117606,"Raíces y una raíz grande","Very dark gray",0.04153,0.62294
"Romero_et_al_2025","SL1","5","SL1-5","15","30","35.98",0.326290015416704,0.1127,0.295329557580235,"Raíces","Very dark gray",0.03677,0.55159
"Romero_et_al_2025","SL1","5","SL1-5","30","50","36.08",0.324986488920915,0.10529999999999999,0.28551080161430703,"Raíces y dos raíz grandes","Very dark gray",0.03422,0.68442
"Romero_et_al_2025","SL1","5","SL1-5","50","100","59.16",0.530202545259007,0.059800000000000006,0.41428571428571404,"Raíces","Black",0.03171,0.98289
"Romero_et_al_2025","SL1","6","SL1-6","0","15","93.5",0.885836096636665,0.0288,0.565843621399177,"Raíces","Gray, dark gray",0.02551,0.38268
"Romero_et_al_2025","SL1","6","SL1-6","15","30","101.24",0.918110093407092,0.024,0.5875457025129129,"Raíces","Very dark gray",0.02203,0.33052
"Romero_et_al_2025","SL1","6","SL1-6","30","50","42.31",0.381102504053324,0.0662,0.370004372540446,"Raíces","Very dark gray",0.02523,0.50458
"Romero_et_al_2025","SL1","6","SL1-6","50","100","59.54",0.533608173507797,0.0611,0.402351669144479,"30% raíz","Very dark gray",0.0326,1.49976
"Romero_et_al_2025","SL10","1","SL10-1A","0","15","35.11",0.332638559924207,0.08710000000000001,0.32383324109942796,"30% raíces","Grayish  brown",0.02897,0.43459
"Romero_et_al_2025","SL10","1","SL10-1A","15","30","39.2",0.355491067380067,0.1054,0.294360591724863,"Raíces","Gray",0.03747,0.56203
"Romero_et_al_2025","SL10","1","SL10-1A","30","50","39.11",0.352278868672311,0.0891,0.32041618875962596,"20% raíces","Dark gray",0.03139,0.62776
"Romero_et_al_2025","SL10","1","SL10-1A","50","100","43.69",0.391557626814841,0.0767,0.32502603779199496,"20% raíces","Dark gray",0.03003,0.48052
"Romero_et_al_2025","SL10","1","SL10-1B","0","15","32.55",0.30838465182378,0.0728,0.31443199381762,"Pocas raíces","Grayish brown",0.02245,0.33676
"Romero_et_al_2025","SL10","1","SL10-1B","15","30","29.59",0.268341343973882,0.1032,0.266841013617098,"Pocas raíces","Dark gray",0.02769,0.41539
"Romero_et_al_2025","SL10","1","SL10-1C","0","15","29.29",0.277498815727144,0.09630000000000001,0.266272727272727,"Raíces","Grayish brown",0.02672,0.40085
"Romero_et_al_2025","SL10","1","SL10-1C","15","30","30.75",0.278860977600435,0.1075,0.260284408329101,"Raíces y una raíz grande","Gray",0.02998,0.44966
"Romero_et_al_2025","SL10","1","SL10-1C","30","50","32.59",0.293550711583498,0.1246,0.256634380659894,"Raíces y una raíz grande","Dark gray",0.03658,0.73153
"Romero_et_al_2025","SL10","1","SL10-1C","50","100","32.84",0.294317978132282,0.0966,0.270890043718551,"Raíces","Dark gray",0.02843,0.4549
"Romero_et_al_2025","SL10","2","SL10-2","0","15","25.72",0.243675982946471,0.1085,0.26328180980653104,"50% raíces y una raíz grande","Grayish brown",0.02644,0.39658
"Romero_et_al_2025","SL10","2","SL10-2","15","30","32.34",0.293280130588555,0.1007,0.274253731343284,"75% raíces y una raíz grande","Gray",0.02953,0.443
"Romero_et_al_2025","SL10","2","SL10-2","30","50","28.24",0.254368582237435,0.11779999999999999,0.243364357118235,"75% raíces y una raíz grande","Dark gray",0.02996,0.59929
"Romero_et_al_2025","SL10","2","SL10-2","50","100","34.25",0.306954651371213,0.09380000000000001,0.280255298257098,"30% raíces y dos raíz grandes","Dark gray",0.02879,0.97894
"Romero_et_al_2025","SL10","3","SL10-3A","0","15","27.07",0.256466129796305,0.1125,0.227268911090589,"Raíces","Gray",0.02885,0.43279
"Romero_et_al_2025","SL10","3","SL10-3A","15","30","31.14",0.28239775097488,0.1283,0.251088534107402,"Raíces y una raíz grande","Gray",0.03623,0.54347
"Romero_et_al_2025","SL10","3","SL10-3A","30","50","24.46",0.220320662943614,0.1085,0.209723055817543,"Raíces y cinco raíz grandes","Gray, Dark gray",0.0239,0.4781
"Romero_et_al_2025","SL10","3","SL10-3A","50","100","24.97",0.223785624663918,0.11449999999999999,0.25864926455355297,"Raíces y una raíz grande","Dark gray",0.02562,0.56372
"Romero_et_al_2025","SL10","3","SL10-3B","0","15","27.83",0.263666508763619,0.1348,0.2470703125,"Raíces y una raíz grande","Gray",0.03554,0.53313
"Romero_et_al_2025","SL10","3","SL10-3B","15","30","26.34",0.238868232520178,0.14550000000000002,0.215707149291622,"Raíces","Gray",0.03476,0.52133
"Romero_et_al_2025","SL10","3","SL10-3B","30","50","29.43",0.265087371644749,0.129,0.23777975276723,"Raíces y una raíz grande","Gray",0.0342,0.68393
"Romero_et_al_2025","SL10","3","SL10-3C","0","15","26.7",0.252960682141165,0.1311,0.21901402674103798,"Raíces","Light brownish gray",0.03316,0.49745
"Romero_et_al_2025","SL10","3","SL10-3C","15","30","25.11",0.22771379341616,0.10679999999999999,0.25857275254865597,"Raíces","Gray",0.02432,0.3648
"Romero_et_al_2025","SL10","3","SL10-3C","30","50","28.8",0.259412718429112,0.11359999999999999,0.25179227137611504,"Raíces y dos raíz grandes","Gray",0.02947,0.58939
"Romero_et_al_2025","SL10","3","SL10-3C","50","100","31.63",0.283473740813766,0.1047,0.261296984717059,"Raíces","Gray, Dark gray",0.02968,0.68263
"Romero_et_al_2025","SL10","4","SL10-4","0","15","25.93",0.245665561345334,0.09939999999999999,0.254590083456063,"Raíces","Gray",0.02442,0.36629
"Romero_et_al_2025","SL10","4","SL10-4","15","30","38.75",0.351410175024939,0.0943,0.284361928524253,"Raíces y una raíz grande","Gray",0.03314,0.49707
"Romero_et_al_2025","SL10","4","SL10-4","30","50","32.09",0.289047018555215,0.09949999999999999,0.27935927570296903,"Raíces y una raíz grande","Dark gray",0.02876,0.5752
"Romero_et_al_2025","SL10","4","SL10-4","50","100","34.13",0.305879189818964,0.0964,0.292559574832848,"Raíces","Dark gray",0.02949,0.91409
"Romero_et_al_2025","SL10","5","SL10-5","0","15","41.65",0.394599715774514,0.087,0.31815751279505,"Raíces y una raíz grande","Gray",0.03433,0.51495
"Romero_et_al_2025","SL10","5","SL10-5","15","30","40.21",0.364650403554911,0.13140000000000002,0.30852451469347,"Raíces","Gray",0.04792,0.71873
"Romero_et_al_2025","SL10","5","SL10-5","30","50","35.05",0.315708881282652,0.11320000000000001,0.277755765116095,"Raíces","Dark gray",0.03574,0.71476
"Romero_et_al_2025","SL10","5","SL10-5","50","100","33.24",0.297902849973113,0.10439999999999999,0.287493513233005,"Raíces y dos raíz grandes","Dark gray",0.0311,1.55505
"Romero_et_al_2025","SL10","6","SL10-6A","0","15","28.03",0.265561345333965,0.12380000000000001,0.238066927127569,"Raíces y una ríz grande","Gray",0.03288,0.49315
"Romero_et_al_2025","SL10","6","SL10-6A","15","30","40.01",0.362836673619298,0.096,0.307532667179093,"Raíces","Gray",0.03483,0.52248000000000006
"Romero_et_al_2025","SL10","6","SL10-6A","30","50","28.38",0.255629616285354,0.1303,0.283290077859852,"Raíces y cuatro raíz grandes","Dark gray",0.03331,0.66617
"Romero_et_al_2025","SL10","6","SL10-6A","50","100","45.9",0.411364043735436,0.09849999999999999,0.32882011605415895,"Raíces","Dark gray",0.04052,1.13454
"Romero_et_al_2025","SL10","6","SL10-6B","0","15","23.92",0.226622453813359,0.0958,0.266964285714286,"Poca raíz y una raíz grande","Gray",0.02171,0.32566
"Romero_et_al_2025","SL10","6","SL10-6B","15","30","31.98",0.290015416704453,0.1079,0.26477893691008403,"Raíces","Gray",0.03129,0.46939
"Romero_et_al_2025","SL10","6","SL10-6B","30","50","34.04",0.30661142136552,0.1109,0.258839631967151,"Raíces","Gray",0.034,0.68006
"Romero_et_al_2025","SL10","6","SL10-6C","0","15","38.65",0.366177167219327,0.1222,0.28832525177172696,"Raíces","Gray, Dark gray",0.04475,0.6712
"Romero_et_al_2025","SL10","6","SL10-6C","15","30","37.47",0.339802303437018,0.11449999999999999,0.279293381037567,"Raíces","Gray",0.03891,0.58361
"Romero_et_al_2025","SL10","6","SL10-6C","30","50","28.72",0.258692127544587,0.1158,0.260027161611589,"Raíces","Dark gray",0.02996,0.59913
"Romero_et_al_2025","SL11","1","SL11-1A","0","15","68.03",0.644528659403127,0.0407,0.491297754026143,"Poca raíz","Light olive brown",0.02623,0.39348
"Romero_et_al_2025","SL11","1","SL11-1A","15","30","71.95",0.652489344336628,0.038900000000000004,0.480788506515202,"Poca raíz","Grayish brown",0.02538,0.38073
"Romero_et_al_2025","SL11","1","SL11-1A","30","50","75.89",0.683570527832823,0.0239,0.543157744059548,"Poca raíz","Gray",0.01634,0.32675
"Romero_et_al_2025","SL11","1","SL11-1A","50","100","103.68",0.929198781143574,0.0158,0.602860797767182,"0.1% raíces","Light brownish gray",0.01468,0.6313
"Romero_et_al_2025","SL11","1","SL11-1B","0","15","73.56",0.696920890573188,0.0335,0.496490280777538,"Poca raíz","Light yellowish brown",0.02335,0.3502
"Romero_et_al_2025","SL11","1","SL11-1B","15","30","73.22",0.664006529427768,0.0331,0.492765327410997,"Poca raíz, una hoja y una raíz grande","Light yellowish brown",0.02198,0.32968
"Romero_et_al_2025","SL11","1","SL11-1B","30","50","66.94",0.602954422626554,0.033,0.47752889142530996,"Poca raíz","Light brownish gray",0.0199,0.39795
"Romero_et_al_2025","SL11","1","SL11-1B","50","100","96.42",0.864133357232479,0.0159,0.580109500030082,"Poca raíz","Gray",0.01374,0.54959
"Romero_et_al_2025","SL11","1","SL11-1C","0","15","76.07",0.720701089531028,0.0301,0.535553365249226,"Poca raíz","Grayish brown, light olive brown",0.02169,0.3254
"Romero_et_al_2025","SL11","1","SL11-1C","15","30","78.08",0.708080166863154,0.0305,0.5332240661066721,"Poca raíz","Light olive brown",0.0216,0.32395
"Romero_et_al_2025","SL11","1","SL11-1C","30","50","80.06",0.721131327688705,0.0325,0.49419753086419804,"Poca raíz","Grayish brown, light olive brown",0.02344,0.46874
"Romero_et_al_2025","SL11","1","SL11-1C","50","100","82.75",0.741620362072056,0.018500000000000003,0.565309468506627,"Poca raíz","Gray",0.01372,0.5488
"Romero_et_al_2025","SL11","2","SL11-2","0","15","68.9",0.652771198484131,0.0327,0.48610131226188796,"Poca raíz","Light brownish gray",0.02135,0.32018
"Romero_et_al_2025","SL11","2","SL11-2","15","30","74.5",0.675614401015689,0.027000000000000003,0.501784872364788,"Poca raíz","Gray",0.01824,0.27362
"Romero_et_al_2025","SL11","2","SL11-2","30","50","86.27",0.777067195099982,0.020099999999999996,0.555469705749791,"Poca raíz","Gray, Light olive gray",0.01562,0.31238
"Romero_et_al_2025","SL11","2","SL11-2","50","100","73.18",0.655852303280158,0.0406,0.481067578227715,"Poca raíz","Gray",0.02663,1.09173
"Romero_et_al_2025","SL11","3","SL11-3A","0","15","57.68",0.546470866887731,0.0339,0.492066200307115,"Poca raíz, concha de 1cm","Light brownish gray, pale brown",0.01853,0.27788
"Romero_et_al_2025","SL11","3","SL11-3A","15","30","69.73",0.632356942051329,0.0298,0.47940873152286,"Poca raíz","Light brownish gray",0.01884,0.28266
"Romero_et_al_2025","SL11","3","SL11-3A","30","50","67.8",0.610700774635201,0.0348,0.499815702174714,"Poca raíz","Gray",0.02125,0.42505
"Romero_et_al_2025","SL11","3","SL11-3A","50","100","67.18",0.602079225667682,0.0342,0.5092866348267759,"Poca raíz","Gray",0.02059,1.02956
"Romero_et_al_2025","SL11","3","SL11-3B","0","15","75.95",0.71956418758882,0.0373,0.489368556701031,"Poca raíz y una concha de 0,5 cm","Light brownish gray",0.02684,0.4026
"Romero_et_al_2025","SL11","3","SL11-3B","15","30","81.9",0.742722408633354,0.0232,0.533411488862837,"Poca raíz","Light brownish gray",0.01723,0.25847
"Romero_et_al_2025","SL11","3","SL11-3B","30","50","75.74",0.682219419924338,0.0319,0.502821483104295,"Poca raíz","Gray",0.02176,0.43526
"Romero_et_al_2025","SL11","3","SL11-3B","50","100","87.77",0.786610503674494,0.0253,0.548974230673005,"Poca raíz","Gray",0.0199,0.91546
"Romero_et_al_2025","SL11","3","SL11-3C","0","15","71.36",0.676077688299384,0.0321,0.501793122846495,"Poca raíz","Light olive brown",0.0217,0.32553
"Romero_et_al_2025","SL11","3","SL11-3C","15","30","76.79",0.696381608778453,0.0288,0.5060630025042839,"Poca raíz","Light brownish gray",0.02006,0.30084
"Romero_et_al_2025","SL11","3","SL11-3C","30","50","69.22",0.623491262835525,0.0378,0.493688039369517,"Poca raíz","Gray",0.02357,0.47136
"Romero_et_al_2025","SL11","3","SL11-3C","50","100","84.45",0.756856067395591,0.026600000000000002,0.539961636828644,"Poca raíz","Gray",0.02013,1.00662
"Romero_et_al_2025","SL11","4","SL11-4","0","15","60.87",0.576693510184747,0.045,0.426200812211175,"5% raíz y un caracol de medio cm","Light yellowish brown",0.02595,0.38927
"Romero_et_al_2025","SL11","4","SL11-4","15","30","85.4",0.774462682506575,0.0225,0.511132391668662,"Poca raíz","Light brownish gray",0.01743,0.26138
"Romero_et_al_2025","SL11","4","SL11-4","30","50","74.21",0.668438119257792,0.030299999999999997,0.500708454220363,"Poca raíz","Gray",0.02025,0.40507
"Romero_et_al_2025","SL11","4","SL11-4","50","100","90.12",0.80767162573938,0.0264,0.535345134846145,"5% raíz","Gray",0.02132,1.06613
"Romero_et_al_2025","SL11","5","SL11-5","0","15","72.83",0.690004737091426,0.0378,0.481711753422845,"Poca raíz","Light brownish gray",0.02608,0.39123
"Romero_et_al_2025","SL11","5","SL11-5","15","30","61.88",0.561168042078535,0.0434,0.46048519124869797,"Poca raíz","Gray",0.02435,0.36532
"Romero_et_al_2025","SL11","5","SL11-5","30","50","71.52",0.644208250765628,0.0334,0.48659681589331905,"2% raíz","Gray",0.02152,0.43033
"Romero_et_al_2025","SL11","5","SL11-5","50","100","76.34",0.684172790822728,0.0387,0.475905492176298,"2% raíz","Gray",0.02648,1.08558
"Romero_et_al_2025","SL11","6","SL11-6A","0","15","59.99",0.568356229275225,0.0364,0.450206378986867,"Poca raíz","Light brownish gray",0.02069,0.31032
"Romero_et_al_2025","SL11","6","SL11-6A","15","30","73.27",0.664459961911671,0.0275,0.49959089049502303,"Poca raíz","Gray, light brownish gray",0.01827,0.27409
"Romero_et_al_2025","SL11","6","SL11-6A","30","50","67.25",0.605746712304089,0.038900000000000004,0.44992306148391004,"1% raíz","Gray",0.02356,0.47127
"Romero_et_al_2025","SL11","6","SL11-6A","50","100","68.36",0.612654597598136,0.044000000000000004,0.471448275862069,"5% raíz","Gray",0.02696,1.21306
"Romero_et_al_2025","SL11","6","SL11-6B","0","15","53.32",0.505163429654192,0.0432,0.438342650443933,"Poca raíz","Light brownish gray",0.02182,0.32735
"Romero_et_al_2025","SL11","6","SL11-6B","15","30","66.69",0.604788247030017,0.0315,0.484489647657101,"Poca raíz","Gray",0.01905,0.28576
"Romero_et_al_2025","SL11","6","SL11-6B","30","50","65.2",0.587281570888128,0.0407,0.467651699899584,"Poca raíz","Gray",0.0239,0.47805
"Romero_et_al_2025","SL11","6","SL11-6B","50","100","80.16",0.718408316902671,0.0262,0.555470861340171,"Poca raíz","Gray",0.01882,1.88223
"Romero_et_al_2025","SL11","6","SL11-6C","0","15","50.56",0.47901468498342,0.045599999999999995,0.408565656565657,"Poca raíz","Light brownish gray",0.02184,0.32765
"Romero_et_al_2025","SL11","6","SL11-6C","15","30","48.12",0.436383422508389,0.0581,0.390901705930138,"Poca raíz","Gray",0.02535,0.38031
"Romero_et_al_2025","SL11","6","SL11-6C","30","50","58.45",0.526481715006305,0.046900000000000004,0.41106969547788197,"Poca raíz","Gray",0.02469,0.49384
"Romero_et_al_2025","SL11","6","SL11-6C","50","100","79.17",0.709535759096612,0.0275,0.552092050209205,"Poca raíz","Gray",0.01951,0.97561
"Romero_et_al_2025","SL12","1","SL12-1A","0","15","38.9",0.36854571293226,0.071,0.33092301148447495,"Raíces y un raíz grande","Grayish brown",0.02617,0.3925
"Romero_et_al_2025","SL12","1","SL12-1A","15","30","27.12",0.245941779269067,0.111,0.256648055266395,"Raíces y un raíz grande","Grayish brown",0.0273,0.40949
"Romero_et_al_2025","SL12","1","SL12-1A","30","50","30.46",0.274364979283012,0.12710000000000002,0.25504479611487896,"Raíces y un raíz grande","Very dark gray",0.03487,0.69744
"Romero_et_al_2025","SL12","1","SL12-1A","50","100","41.37",0.370765370138018,0.1097,0.30970205120527,"Raíces","Very dark gray",0.04067,1.0575
"Romero_et_al_2025","SL12","1","SL12-1B","0","15","38.27",0.36257697773567,0.0825,0.32863890081580105,"Poca raíz","Grayish brown",0.02991,0.44869
"Romero_et_al_2025","SL12","1","SL12-1B","15","30","48.46",0.43946676339893,0.0839,0.35661196556038,"Poca raíz","Gray",0.03687,0.55307
"Romero_et_al_2025","SL12","1","SL12-1B","30","50","43.01",0.38740767429292,0.08900000000000001,0.324041286822874,"Poca raíz","Dark gray",0.03448,0.68959
"Romero_et_al_2025","SL12","1","SL12-1C","0","15","39.22",0.371577451444813,0.0796,0.318447547905164,"Poca raíz","Grayish brown",0.02958,0.44366
"Romero_et_al_2025","SL12","1","SL12-1C","15","30","30.71",0.278498231613313,0.09140000000000001,0.27842248413418,"Poca raíz","Grayish brown",0.02545,0.38182
"Romero_et_al_2025","SL12","1","SL12-1C","30","50","36.68",0.33039092055485503,0.11289999999999999,0.297485806974858,"Raíces","Dark gray",0.0373,0.74602
"Romero_et_al_2025","SL12","2","SL12-2","0","15","48.12",0.455897678825201,0.0482,0.393909626719057,"Poca raíz","Light olive brown",0.02197,0.32961
"Romero_et_al_2025","SL12","2","SL12-2","15","30","71.77",0.650856987394577,0.0408,0.46098015286787797,"Poca raíz","Light olive brown, olive yellow",0.02655,0.39832
"Romero_et_al_2025","SL12","2","SL12-2","30","50","71.85",0.647180688164295,0.0262,0.459457731167668,"Poca raíz","Light olive brown, Light brownish gray",0.01696,0.33912
"Romero_et_al_2025","SL12","3","SL12-3A","0","15","103.05",0.976314542870677,0.022400000000000003,0.5975645114525949,"Poca raíz","Yellowish brown, dark yellowish brown",0.02187,0.32804
"Romero_et_al_2025","SL12","3","SL12-3A","15","30","60.95",0.552734197877936,0.010700000000000001,0.578822412155745,"Poca raíz","Yellowish brown, pale brown",0.00591,0.08871
"Romero_et_al_2025","SL12","3","SL12-3A","30","50","106.93",0.963159791028644,0.008,0.596441320838911,"Poca raíz","Yellowish brown, brownish yellow",0.00771,0.15411
"Romero_et_al_2025","SL12","3","SL12-3A","50","100","89.95",0.806148055207026,0.0034999999999999996,0.569231742817365,"Poca raíz","Light gray, brown, yelowish brown",0.00282,0.11568
"Romero_et_al_2025","SL12","3","SL12-3B","0","15","97.21",0.92098531501658,0.0233,0.599137134052388,"Poca raíz","Yellowish brown",0.02146,0.32188
"Romero_et_al_2025","SL12","3","SL12-3B","15","30","78.8",0.714609594631359,0.020499999999999997,0.545328719723183,"Poca raíz y una raíz grande","Yellowish brown",0.01465,0.21974
"Romero_et_al_2025","SL12","3","SL12-3B","30","50","86.04",0.774995496306972,0.011200000000000002,0.5540601455341619,"Poca raíz y una raíz grande","Yellowish brown, Light yellowish brown",0.00868,0.1736
"Romero_et_al_2025","SL12","3","SL12-3C","0","15","100.51",0.952250118427286,0.021099999999999997,0.600095528091229,"Poca raíz","Yellowish brown",0.02009,0.30139
"Romero_et_al_2025","SL12","3","SL12-3C","15","30","87.9",0.797134306701732,0.0173,0.554434212186199,"Poca raíz","Brown",0.01379,0.20686
"Romero_et_al_2025","SL12","3","SL12-3C","30","50","94.55",0.851648351648352,0.0070999999999999995,0.58066695326414,"Poca raíz","Yellowish brown",0.00605,0.12093
"Romero_et_al_2025","SL12","4","SL12-4","0","15","66.43",0.62936996684036,0.0227,0.564401019541206,"Poca raíz","Yellowish brown",0.01429,0.2143
"Romero_et_al_2025","SL12","4","SL12-4","15","30","88.06",0.798585290650222,0.0123,0.565538501059662,"Poca raíz","Brown, yellowish brown",0.00982,0.14734
"Romero_et_al_2025","SL12","4","SL12-4","30","50","102.49",0.923166996937489,0.009000000000000001,0.593044786483046,"Poca raíz","Light olive brown",0.00831,0.16617
"Romero_et_al_2025","SL12","4","SL12-4","50","100","60.47",0.541943000537731,0.0291,0.45866201456310696,"Poca raíz","Light olive brown",0.01577,0.67813
"Romero_et_al_2025","SL12","5","SL12-5","0","15","91.1",0.863098057792515,0.0265,0.606040447046301,"Poca raíz","Brown",0.02287,0.34308
"Romero_et_al_2025","SL12","5","SL12-5","15","30","91.24",0.827423596626462,0.024700000000000003,0.564569024194047,"Poca raíz","Brown",0.02044,0.30656
"Romero_et_al_2025","SL12","5","SL12-5","30","50","52.57",0.473518284993695,0.0277,0.46182904331019897,"Poca raíz","Light olive brown",0.01312,0.26233
"Romero_et_al_2025","SL12","5","SL12-5","50","100","101.95",0.913694210431977,0.0139,0.5700307520268381,"Poca raíz","Light olive brown",0.0127,0.54612
"Romero_et_al_2025","SL12","6","SL12-6A","0","15","42.28",0.400568450971104,0.057800000000000004,0.37672636549942096,"20% raíz","Dark grayish brown",0.02315,0.34729
"Romero_et_al_2025","SL12","6","SL12-6A","15","30","37.36",0.338804751972431,0.0642,0.32332323669407204,"20% raíz","Dark grayish brown",0.02175,0.32627
"Romero_et_al_2025","SL12","6","SL12-6A","30","50","44.59",0.401639344262295,0.0745,0.329758911403639,"Raíces","Dark grayish brown",0.02992,0.59844
"Romero_et_al_2025","SL12","6","SL12-6A","50","100","70.74",0.633984585051085,0.0304,0.501239991497201,"Poca raíz","Dark grayish brown, olive yellow",0.01927,0.7902
"Romero_et_al_2025","SL12","6","SL12-6B","0","15","69.01",0.653813358597821,0.055999999999999994,0.454581384625519,"Raíces","Light olive brown",0.03661,0.5492
"Romero_et_al_2025","SL12","6","SL12-6B","15","30","60.27",0.546567516096853,0.044000000000000004,0.412187115305704,"Poca raíz","Dark grayish brown",0.02405,0.36073
"Romero_et_al_2025","SL12","6","SL12-6B","30","50","59.33",0.534408214736084,0.0489,0.39545424248483596,"Poca raíz","Olive brown",0.02613,0.52265
"Romero_et_al_2025","SL12","6","SL12-6B","50","100","64.08",0.574296468901237,0.04190000000000001,0.427913188647746,"Raíces","Dark gray",0.02406,0.69783
"Romero_et_al_2025","SL12","6","SL12-6C","0","15","77.33",0.732638559924207,0.0461,0.505821559392988,"Poca raíz","Gray",0.03377,0.50662
"Romero_et_al_2025","SL12","6","SL12-6C","15","30","59.2",0.536864060941326,0.0548,0.430921531518416,"Poca raíz","Gray",0.02942,0.4413
"Romero_et_al_2025","SL12","6","SL12-6C","30","50","50.19",0.452080706179067,0.061,0.41288252714708795,"Poca raíz","Dark grayish brown",0.02758,0.55154
"Romero_et_al_2025","SL13","1","SL13-1A","0","15","41.88",0.396778777830412,0.0935,0.32404828226555205,"Raíces y una raíz grande","Gray",0.0371,0.55648
"Romero_et_al_2025","SL13","1","SL13-1A","15","30","50.37",0.45678788428403,0.09029999999999999,0.364234579506833,"Raíces","Dark gray",0.04125,0.61872
"Romero_et_al_2025","SL13","1","SL13-1A","30","50","39.81",0.358584038911908,0.1101,0.300884286901973,"Raíces","Dark gray",0.03948,0.7896
"Romero_et_al_2025","SL13","1","SL13-1A","50","100","41.57",0.372557806058433,0.11109999999999999,0.29526244761701803,"Raíces y una raíz grande","Very dark gray",0.04139,1.65565
"Romero_et_al_2025","SL13","1","SL13-1B","0","15","39.34",0.37271435338702,0.0955,0.31472,"Raíces","Gray",0.03559,0.53391
"Romero_et_al_2025","SL13","1","SL13-1B","15","30","39.02",0.353858710438016,0.09609999999999999,0.31178585697163397,"Raíces","Gray",0.03401,0.51009
"Romero_et_al_2025","SL13","1","SL13-1B","30","50","38.52",0.346964510898937,0.0868,0.29299459952841,"Raíces","Dark gray",0.03012,0.60233
"Romero_et_al_2025","SL13","1","SL13-1B","50","100","43.09",0.386180319053594,0.09380000000000001,0.31324512939808097,"Raíces","Very Dark gray",0.03622,1.26783
"Romero_et_al_2025","SL13","1","SL13-1C","0","15","41.58",0.393936522974893,0.11359999999999999,0.317598533455545,"Raíces","Gray",0.04475,0.67127
"Romero_et_al_2025","SL13","1","SL13-1C","15","30","36.25",0.328738550829781,0.0809,0.27837505759484,"Raíces","Gray",0.02659,0.39892
"Romero_et_al_2025","SL13","1","SL13-1C","30","50","42.02",0.37849036209692,0.1025,0.304294300818307,"Raíces y una raíz grande","Dark gray",0.0388,0.77591
"Romero_et_al_2025","SL13","1","SL13-1C","50","100","37.91",0.339756228714823,0.1104,0.295318220768092,"Raíces","Dark gray",0.03751,0.8252
"Romero_et_al_2025","SL13","2","SL13-2","0","15","27.72",0.262624348649929,0.147,0.255107675317504,"Raíces y una raíz grande","Very dark gray",0.03861,0.57909
"Romero_et_al_2025","SL13","2","SL13-2","15","30","31.74",0.287838940781718,0.13570000000000002,0.289889487624441,"Raíces y una raíz grande","Very dark gray",0.03906,0.5859
"Romero_et_al_2025","SL13","2","SL13-2","30","50","37.65",0.339128085029724,0.1117,0.291318477251625,"Raíces y una raíz grande","Very dark gray",0.03788,0.75761
"Romero_et_al_2025","SL13","3","SL13-3A","0","15","32.77",0.310468972051161,0.1777,0.266617850459686,"Raíces y una raíz grande","Dark gray",0.05517,0.82756
"Romero_et_al_2025","SL13","3","SL13-3A","15","30","34.13",0.309513013512288,0.1743,0.252310194425963,"Raíces y una raíz grande","Very dark gray",0.05395,0.80922
"Romero_et_al_2025","SL13","3","SL13-3A","30","50","38.22",0.344262295081967,0.1011,0.291577662496186,"Raíces y una raíz grande","Very dark gray",0.0348,0.6961
"Romero_et_al_2025","SL13","3","SL13-3A","50","100","41.91",0.37560494712314,0.13119999999999998,0.304224738675958,"Raíces","Very dark gray",0.04928,1.9219
"Romero_et_al_2025","SL13","3","SL13-3B","0","15","39.27",0.372051160587399,0.1727,0.291277258566978,"Raíces","Very dark gray",0.06425,0.9638
"Romero_et_al_2025","SL13","3","SL13-3B","15","30","30.43",0.275959009703455,0.2046,0.237363494539782,"Raíces y una raíz grande","Very dark gray",0.05646,0.84692
"Romero_et_al_2025","SL13","3","SL13-3B","30","50","35.77",0.32219419924338,0.1586,0.286917462099944,"Raíces","Very dark gray",0.0511,1.022
"Romero_et_al_2025","SL13","3","SL13-3B","50","100","41.79",0.374529485570891,0.16,0.273208682008368,"Raíces y una raíz grande","Very dark gray",0.05992,1.97752
"Romero_et_al_2025","SL13","3","SL13-3C","0","15","17.2",0.162955945049739,0.2052,0.207804760178809,"Raíces y una raíz grande","Very dark gray",0.03344,0.50158
"Romero_et_al_2025","SL13","3","SL13-3C","15","30","31.29",0.283758048426589,0.1773,0.259775840597758,"Raíces y una raíz grande","Very dark gray",0.05031,0.75465
"Romero_et_al_2025","SL13","3","SL13-3C","30","50","35.08",0.315979102864349,0.1335,0.28506419632699503,"Raíces y una raíz grande","Dark gray",0.04218,0.84366
"Romero_et_al_2025","SL13","3","SL13-3C","50","100","34.07",0.305341459042839,0.14,0.279330983028614,"Raíces y una raíz grande","Very dark gray",0.04275,0.94045
"Romero_et_al_2025","SL13","4","SL13-4","0","15","34.68",0.328564661297963,0.18059999999999998,0.295652173913043,"Poca raíces y una raíz grande","Very dark gray",0.05934,0.89008
"Romero_et_al_2025","SL13","4","SL13-4","15","30","36.99",0.335449351591548,0.1485,0.302750040923228,"Raíces y una raíz grande","Very dark gray",0.04981,0.74721
"Romero_et_al_2025","SL13","4","SL13-4","30","50","39.94",0.359754999099261,0.1125,0.314562495077577,"Raíces y una raíz grande","Very dark gray",0.04047,0.80945
"Romero_et_al_2025","SL13","4","SL13-4","50","100","36",0.322638465674852,0.1649,0.27182120205376,"Raíces","Black",0.0532,1.86211
"Romero_et_al_2025","SL13","5","SL13-5","0","15","26.42",0.250307910942681,0.2498,0.237312494386059,"Raíces y una raíz grande","Very dark gray",0.06253,0.9379
"Romero_et_al_2025","SL13","5","SL13-5","15","30","27.24",0.247030017230434,0.2002,0.25308928737340897,"Raíces y una raíz grande","Very dark gray",0.04946,0.74183
"Romero_et_al_2025","SL13","5","SL13-5","30","50","38.58",0.347504954062331,0.11599999999999999,0.307238990204667,"Raíces","Very dark gray",0.04031,0.80621
"Romero_et_al_2025","SL13","5","SL13-5","50","100","31.99",0.286700125470514,0.17059999999999997,0.268800941097387,"Raíces y una raíz grande","Very dark gray",0.04891,1.66298
"Romero_et_al_2025","SL13","6","SL13-6A","0","15","25.65",0.24301279014685,0.2817,0.23002421307506102,"Raíces","Black",0.06846,1.02685
"Romero_et_al_2025","SL13","6","SL13-6A","15","30","23.32",0.211480910492428,0.2693,0.205861581920904,"Raíces y una raíz grande","Black",0.05695,0.85428
"Romero_et_al_2025","SL13","6","SL13-6A","30","50","31.81",0.286524950459377,0.19390000000000002,0.256222311719694,"Raíces y una raíz grande","Very dark gray",0.05556,1.11114
"Romero_et_al_2025","SL13","6","SL13-6A","50","100","36.42",0.326402581107725,0.16449999999999998,0.281823106089917,"Raíces y una raíz grande","Very dark gray",0.05369,1.6108
"Romero_et_al_2025","SL13","6","SL13-6B","0","15","29.48",0.279298910468972,0.2686,0.230727087735775,"Raíces y una raíz grande","Dark reddish brown",0.07502,1.1253
"Romero_et_al_2025","SL13","6","SL13-6B","15","30","32.99",0.299174752879296,0.20329999999999998,0.258927870653795,"Raíces y una raíz grande","Dark gray",0.06082,0.91233
"Romero_et_al_2025","SL13","6","SL13-6B","30","50","29.64",0.266978922716628,0.1809,0.260365425158117,"Raíces y una raíz grande","Very dark gray",0.0483,0.96593
"Romero_et_al_2025","SL13","6","SL13-6B","50","100","35.06",0.314214016848898,0.1971,0.279652229400973,"Raíces y una raíz grande","Very dark gray",0.06193,1.67215
"Romero_et_al_2025","SL13","6","SL13-6C","0","15","26.01",0.246423495973472,0.2702,0.206806074580584,"Raíces","Very dark gray",0.06658,0.99875
"Romero_et_al_2025","SL13","6","SL13-6C","15","30","26.06",0.23632901061032,0.23670000000000002,0.20736850481419603,"Raíces y una raíz grande","Very dark gray",0.05594,0.83909
"Romero_et_al_2025","SL13","6","SL13-6C","30","50","36.75",0.331021437578815,0.1469,0.28453081449365103,"Raíces y una raíz grande","Dark gray",0.04863,0.97254
"Romero_et_al_2025","SL13","6","SL13-6C","50","100","33.35",0.298888689729342,0.16920000000000002,0.260059263880225,"Raíces y una raíz grande","Very dark gray",0.05057,1.71945
"Romero_et_al_2025","SL14","1","SL14-1A","0","15","73.43",0.695689246802463,0.0208,0.5267197475073521,"Raíces y una raíz grande","Grayish brown",0.01447,0.21706
"Romero_et_al_2025","SL14","1","SL14-1A","15","30","71.89",0.651945225355945,0.0263,0.492060232717317,"Raíces y una raíz grande","Gray",0.01715,0.25719
"Romero_et_al_2025","SL14","1","SL14-1A","30","50","89.54",0.806521347504954,0.026600000000000002,0.526303415035561,"Raíces","Gray",0.02145,0.42907
"Romero_et_al_2025","SL14","1","SL14-1A","50","100","75.51",0.676734181753002,0.0325,0.486533505154639,"Raíces","Gray",0.02199,1.01172
"Romero_et_al_2025","SL14","1","SL14-1B","0","15","75.53",0.715585030791094,0.02,0.527738960313024,"Raíces","Gray",0.01431,0.21468
"Romero_et_al_2025","SL14","1","SL14-1B","15","30","88.65",0.803935793960279,0.030299999999999997,0.517060367454068,"Raíces","Dark Gray",0.02436,0.36539
"Romero_et_al_2025","SL14","1","SL14-1B","30","50","56.45",0.508466942893172,0.042300000000000004,0.413704653719311,"Pocas raíces","Dark Gray",0.02151,0.43016
"Romero_et_al_2025","SL14","1","SL14-1B","50","100","62.64",0.561390930274243,0.0388,0.425283454409668,"Raíces y una raíz grande","Dark Gray",0.02178,1.0891
"Romero_et_al_2025","SL14","1","SL14-1C","0","15","76.93",0.728848886783515,0.0407,0.484140969162996,"Pocas raíces","Gray",0.02966,0.44496
"Romero_et_al_2025","SL14","1","SL14-1C","15","30","82.42",0.747438106465947,0.0365,0.48360030511060303,"Pocas raíces","Gray",0.02728,0.40922
"Romero_et_al_2025","SL14","1","SL14-1C","30","50","64.09",0.57728337236534,0.0294,0.43161155633375997,"Raíces y una raíz grande","Dark gray",0.01697,0.33944
"Romero_et_al_2025","SL14","1","SL14-1C","50","100","53.32",0.477863416382864,0.04650000000000001,0.38249641319942596,"Raíces y una raíz grande","Dark gray",0.02222,0.91105
"Romero_et_al_2025","SL14","2","SL14-2","0","15","68",0.644244433917575,0.0276,0.508943941321757,"0.3% raíces","Grayish brown",0.01778,0.26672
"Romero_et_al_2025","SL14","2","SL14-2","15","30","54.94",0.498231613312778,0.0401,0.39251268128884803,"Raíces","Grayish brown",0.01998,0.29969
"Romero_et_al_2025","SL14","2","SL14-2","30","50","65.17",0.587011349306431,0.0446,0.434235074626866,"Raíces y una raíz grande","Gray",0.02618,0.52361
"Romero_et_al_2025","SL14","2","SL14-2","50","100","89.08",0.798350958953217,0.029300000000000003,0.555742716326658,"Raíces","Dark gray",0.02339,1.16958
"Romero_et_al_2025","SL14","3","SL14-3A","0","15","72.64",0.688204642349597,0.0353,0.469068836368333,"0.3% raíces","Grayish brown",0.02429,0.3644
"Romero_et_al_2025","SL14","3","SL14-3A","15","30","51.26",0.464858982497506,0.0605,0.35617009449694303,"Raíces","Gray",0.02812,0.42186
"Romero_et_al_2025","SL14","3","SL14-3A","30","50","49.39",0.444874797333814,0.0594,0.36571640133284,"Raíces","Dark gray",0.02643,0.52851
"Romero_et_al_2025","SL14","3","SL14-3A","50","100","50.77",0.455009858397562,0.0617,0.37243251173708897,"20% raíces","Very dark gray",0.02807,0.70185
"Romero_et_al_2025","SL14","3","SL14-3B","0","15","42.24",0.400189483657035,0.0575,0.335504368546465,"Pocas raíces","Grayish brown",0.02301,0.34516
"Romero_et_al_2025","SL14","3","SL14-3B","15","30","60.86",0.55191801940691,0.0535,0.41790839799491897,"Raíces","Dark gray",0.02953,0.44291
"Romero_et_al_2025","SL14","3","SL14-3B","30","50","48.96",0.44100162132949,0.057300000000000004,0.361942781104458,"Raíces y una raíz grande","Dark gray",0.02527,0.50539
"Romero_et_al_2025","SL14","3","SL14-3B","50","100","57.49",0.515235705323535,0.0571,0.40127032874991303,"Pocas raíces y una raíz grande","Very dark gray",0.02942,0.85318
"Romero_et_al_2025","SL14","3","SL14-3C","0","15","57.5",0.54476551397442,0.0454,0.407627959733447,"Pocas raíces","Dark grayish brown",0.02473,0.37099
"Romero_et_al_2025","SL14","3","SL14-3C","15","30","54.13",0.490886007073547,0.0525,0.40051794302626703,"Pocas raíces","Dark gray",0.02577,0.38657
"Romero_et_al_2025","SL14","3","SL14-3C","30","50","45.47",0.409565843992074,0.0528,0.349446664617276,"Pocas raíces","Dark gray",0.02163,0.4325
"Romero_et_al_2025","SL14","3","SL14-3C","50","100","66.18",0.593117046065603,0.0512,0.445027234214242,"Pocas raíces","Dark gray",0.03037,1.18434
"Romero_et_al_2025","SL14","4","SL14-4","0","15","42.61",0.403694931312174,0.06,0.345104073864097,"Raíces y una raíz grande","Gray",0.02422,0.36333
"Romero_et_al_2025","SL14","4","SL14-4","15","30","39.37",0.357032737825338,0.0851,0.31734644526841804,"Raíces y una raíz grande","Dark gray",0.03038,0.45575
"Romero_et_al_2025","SL14","4","SL14-4","30","50","32.99",0.297153666006125,0.0855,0.28045566607158,"Raíces y una raíz grande","Dark gray",0.02541,0.50813
"Romero_et_al_2025","SL14","4","SL14-4","50","100","63.24",0.56676823803549,0.047,0.430028559771522,"Raíces","Dark gray",0.02664,0.79914
"Romero_et_al_2025","SL14","5","SL14-5","0","15","58.54",0.554618664140218,0.055,0.37324662076001,"0.3% raíces","Grayish brown",0.0305,0.45756
"Romero_et_al_2025","SL14","5","SL14-5","15","30","52.85",0.479278135485626,0.0555,0.37858166189111697,"Raíces","Grayish brown",0.0266,0.399
"Romero_et_al_2025","SL14","5","SL14-5","30","50","58.69",0.528643487659881,0.057,0.405429676706272,"10% raíces","Gray",0.03013,0.60265
"Romero_et_al_2025","SL14","5","SL14-5","50","100","79.91",0.716167772002151,0.0418,0.495412275263484,"10% raíces","Dark gray",0.02994,0.59872
"Romero_et_al_2025","SL2","1","SL2-1","0","15","45.11",0.427380388441497,0.0676,0.351433468370209,"20% raíces","Very dark gray",0.02889,0.43336
"Romero_et_al_2025","SL2","1","SL2-1","15","30","41.66",0.377799945588102,0.064,0.319748253895157,"Raíces","Dark gray",0.02418,0.36269
"Romero_et_al_2025","SL2","1","SL2-1","30","50","37.7",0.339578454332553,0.0693,0.303811749536627,"Raíces","Dark gray",0.02353,0.47066
"Romero_et_al_2025","SL2","1","SL2-1","50","100","30.49",0.273256856067396,0.0708,0.263344273622387,"Raíces","Dark gray",0.01935,0.71582
"Romero_et_al_2025","SL2","2","SL2-2","0","15","41.95",0.397441970630033,0.0849,0.00330966469428008,"30% raíces","Very dark gray",0.03374,0.50614
"Romero_et_al_2025","SL2","2","SL2-2","15","30","33.62",0.304888002176476,0.0827,0.27302257592983603,"Raíces","Dark gray",0.02521,0.37821
"Romero_et_al_2025","SL2","2","SL2-2","30","50","35.02",0.315438659700955,0.0857,0.283172960297566,"Raíces","Dark gray",0.02703,0.54066
"Romero_et_al_2025","SL2","2","SL2-2","50","100","32.14",0.288044452410826,0.10189999999999999,0.270561495075343,"Raíces","Black",0.02935,0.93926
"Romero_et_al_2025","SL2","3","SL2-3","0","15","35.95",0.340596873519659,0.085,0.297845898922949,"Raíces","Very dark gray",0.02895,0.43426
"Romero_et_al_2025","SL2","3","SL2-3","15","30","42.98",0.389770563163145,0.0974,0.33749509226541,"Raíces","Gray",0.03796,0.56945
"Romero_et_al_2025","SL2","3","SL2-3","30","50","36.75",0.331021437578815,0.14400000000000002,0.281242825438127,"Raíces","Gray",0.04767,0.95334
"Romero_et_al_2025","SL2","3","SL2-3","50","100","31.16",0.279261516400789,0.13369999999999999,0.25882548384417303,"Poca raíz","Gray",0.03734,1.15746
"Romero_et_al_2025","SL2","4","SL2-4","0","15","73.31",0.694552344860256,0.0281,0.48588282078473,"Raíces","Gray",0.01952,0.29275
"Romero_et_al_2025","SL2","4","SL2-4","15","30","67.81",0.614945134669448,0.0338,0.464674844103337,"Raíces y una raíz grande","Dark gray",0.02079,0.31178
"Romero_et_al_2025","SL3","1","SL3-1A","0","15","23.23",0.220085267645666,0.08810000000000001,0.233443874987438,"Raíces","Gray",0.01939,0.29084
"Romero_et_al_2025","SL3","1","SL3-1A","15","30","31.56",0.286206583839666,0.0975,0.278429642699603,"Raíces y dos raíz grande","Very dark gray",0.02791,0.41858
"Romero_et_al_2025","SL3","1","SL3-1A","30","50","27.34",0.246261934786525,0.076,0.260554655484609,"Poca raíz","Very dark gray",0.01872,0.37432
"Romero_et_al_2025","SL3","1","SL3-1B","0","15","35.94",0.340502131691142,0.0758,0.296192516894676,"Pocas raíces","Gray",0.02581,0.38715
"Romero_et_al_2025","SL3","1","SL3-1B","15","30","32.7",0.296544844472658,0.0809,0.264541703745652,"Raíces y una raíz grande","Gray",0.02399,0.35986
"Romero_et_al_2025","SL3","1","SL3-1B","30","50","38.15",0.343631778058008,0.0788,0.306943438731998,"Raíces y tres raíz grandes","Dark gray",0.02708,0.54156
"Romero_et_al_2025","SL3","1","SL3-1C","0","15","32.07",0.30383704405495,0.0909,0.276584734799483,"Pocas raíces","Dark gray",0.02762,0.41428
"Romero_et_al_2025","SL3","1","SL3-1C","15","30","29.36",0.266255554547928,0.0882,0.242765007441707,"Pocas raíces","Dark gray",0.02348,0.35226
"Romero_et_al_2025","SL3","1","SL3-1C","30","50","39.74",0.357953521887948,0.0665,0.31149082928358696,"Pocas raíces","Dark gray",0.0238,0.47608
"Romero_et_al_2025","SL3","1","SL3-1C","50","100","40.18",0.360100376411543,0.07919999999999999,0.316826998896073,"Pocas raíces","Very dark gray",0.02852,0.54188
"Romero_et_al_2025","SL3","2","SL3-2","0","15","45.27",0.428896257697774,0.0537,0.34957528957529,"1% raíces","Grayish brown",0.02303,0.34548
"Romero_et_al_2025","SL3","2","SL3-2","15","30","57.47",0.521175296998277,0.049699999999999994,0.385290962724591,"10% raíces","Dark gray",0.0259,0.38854
"Romero_et_al_2025","SL3","2","SL3-2","30","50","47.49",0.427760763826338,0.052000000000000005,0.354402985074627,"20% raíces","Gray",0.02224,0.44487
"Romero_et_al_2025","SL3","2","SL3-2","50","100","52.62",0.471589890661409,0.0555,0.366281497981345,"15% raíces","Gray",0.02617,0.60198
"Romero_et_al_2025","SL3","3","SL3-3A","0","15","41.71",0.395168166745618,0.0895,0.331110581884576,"Raíces y una raíz grande","Dark gray",0.03537,0.53051
"Romero_et_al_2025","SL3","3","SL3-3A","15","30","36.25",0.328738550829781,0.065,0.286810665400744,"Raíces y una raíz grande","Gray",0.02137,0.32052
"Romero_et_al_2025","SL3","3","SL3-3A","30","50","36.88",0.332192397766168,0.08039999999999999,0.326718639262934,"Raíces y tres raíz grandes","Dark gray",0.02671,0.53417
"Romero_et_al_2025","SL3","3","SL3-3B","0","15","47.48",0.449834201800095,0.0659,0.354698939190199,"Pocas raíces","Gray",0.02964,0.44466
"Romero_et_al_2025","SL3","3","SL3-3B","15","30","46.81",0.424503491430126,0.0572,0.33533920767963304,"Pocas raíces","Dark gray",0.02428,0.36422
"Romero_et_al_2025","SL3","3","SL3-3B","30","50","24.79",0.223293100342281,0.0866,0.21539664610304998,"Raíces y una raiz grande","Gray",0.01934,0.38674
"Romero_et_al_2025","SL3","3","SL3-3B","50","100","46.96",0.42086395411364,0.0706,0.349222874990704,"Raíces","Very dark gray",0.02971,0.50512
"Romero_et_al_2025","SL3","3","SL3-3C","0","15","37.58",0.356039791567977,0.0718,0.304390085857768,"Raíces","Gray",0.02556,0.38345
"Romero_et_al_2025","SL3","3","SL3-3C","15","30","45.41",0.411807381880838,0.056799999999999996,0.335823103091259,"Raíces","Dark gray",0.02339,0.35086
"Romero_et_al_2025","SL3","3","SL3-3C","30","50","41.96",0.377949918933526,0.0588,0.308961048523673,"Pocas raíces","Gray",0.02222,0.44447
"Romero_et_al_2025","SL3","3","SL3-3C","50","100","44.63",0.399982075640796,0.0583,0.343916159358866,"Raíces y una raíz grande","Gray",0.02332,0.46638
"Romero_et_al_2025","SL3","4","SL3-4","0","15","42.36",0.401326385599242,0.0625,0.340240963855422,"Poca raíces","Grayish brown",0.02508,0.37624
"Romero_et_al_2025","SL3","4","SL3-4","15","30","48.08",0.436020676521266,0.056900000000000006,0.347977129622928,"50% raíces","Grayish brown",0.02481,0.37214
"Romero_et_al_2025","SL3","4","SL3-4","30","50","44.67",0.40235993514682,0.0641,0.32918201915991196,"Raíces","Gray",0.02579,0.51583
"Romero_et_al_2025","SL3","4","SL3-4","50","100","45.74",0.409930094999104,0.0642,0.36103875601862806,"20% raíces","Dark gray",0.02632,0.6053
"Romero_et_al_2025","SL3","5","SL3-5","0","15","34.05",0.322595926101374,0.0866,0.276424744276668,"30% raíces","Dark gray",0.02794,0.41905
"Romero_et_al_2025","SL3","5","SL3-5","15","30","40.17",0.364287657567788,0.0821,0.314171750351947,"Raíces y dos raíz grandes","Dark gray",0.02991,0.44862
"Romero_et_al_2025","SL3","5","SL3-5","30","50","48.97",0.441091695190056,0.0725,0.35635278707611695,"Raíces","Very dark gray",0.03198,0.44771
"Romero_et_al_2025","SL3","6","SL3-6A","0","15","39.64",0.375556608242539,0.0639,0.301651320295259,"Raíces y una raíz grande","Dark gray",0.024,0.35997
"Romero_et_al_2025","SL3","6","SL3-6A","15","30","28.99",0.262900154167044,0.0683,0.24661846022968897,"Poca raíces","Dark gray",0.01796,0.26934
"Romero_et_al_2025","SL3","6","SL3-6A","30","50","29.47",0.265447667087011,0.062400000000000004,0.267860389020178,"Poca raíces","Gray",0.01656,0.33128
"Romero_et_al_2025","SL3","6","SL3-6A","50","100","56.49",0.506273525721455,0.0691,0.38352909226695603,"Poca raíces","Very dark gray",0.03498,0.87459
"Romero_et_al_2025","SL3","6","SL3-6B","0","15","40.39",0.382662245381336,0.0655,0.33627508117558896,"Pocas raíces","Grayish brown",0.02506,0.37597
"Romero_et_al_2025","SL3","6","SL3-6B","15","30","38.62",0.350231250566791,0.09050000000000001,0.305804101670758,"Pocas raíces","Dark gray",0.0317,0.47544
"Romero_et_al_2025","SL3","6","SL3-6B","30","50","40.7",0.366600612502252,0.0699,0.316953508293747,"Pocas raíces","Dark gray",0.02563,0.51251
"Romero_et_al_2025","SL3","6","SL3-6B","50","100","41.64",0.373185158630579,0.0694,0.325872593520113,"Pocas raíces","Very dark gray",0.0259,0.95826
"Romero_et_al_2025","SL3","6","SL3-6C","0","15","37.74",0.357555660824254,0.08779999999999999,0.298575949367089,"Raíces","Dark gray",0.03139,0.4709
"Romero_et_al_2025","SL3","6","SL3-6C","15","30","34.63",0.31404733835132,0.0699,0.287505188875052,"Raíces y una raíz grande","Very dark gray",0.02195,0.32928
"Romero_et_al_2025","SL3","6","SL3-6C","30","50","35.22",0.317240136912268,0.0695,0.299387963277797,"Raíces y 4  raíz grandes","Very dark gray",0.02205,0.44096
"Romero_et_al_2025","SL3","6","SL3-6C","50","100","46.33",0.415217780964331,0.0616,0.34402613796688203,"Raíces","Very dark gray",0.02558,1.27887
"Romero_et_al_2025","SL4","1","SL4-1","0","15","43.61",0.413169114163903,0.042800000000000005,0.367551622418879,"10% raíz","Gray",0.01768,0.26525
"Romero_et_al_2025","SL4","1","SL4-1","15","30","48.74",0.442005985308788,0.0443,0.35965171192443895,"Poca raíz","Dark gray",0.01958,0.29371
"Romero_et_al_2025","SL4","1","SL4-1","30","50","32.4",0.291839308232751,0.0542,0.277254834845114,"10% raíz","Gray",0.01582,0.31635
"Romero_et_al_2025","SL4","1","SL4-1","50","100","44.94",0.40276035131744,0.049400000000000006,0.347268371841434,"5% raíz","Gray, dark gray",0.0199,0.5372
"Romero_et_al_2025","SL4","2","SL4-2","0","15","45.83",0.434201800094742,0.0592,0.35928190655377895,"Poca raíz","Gray, dark gray",0.0257,0.38557
"Romero_et_al_2025","SL4","2","SL4-2","15","30","36.44",0.330461594268613,0.053,0.376135425268373,"10% raíz","Dark gray, gray",0.01751,0.26272
"Romero_et_al_2025","SL4","2","SL4-2","30","50","47.38",0.426769951360115,0.0538,0.35347657415696804,"5% raíz","Dark gray, gray",0.02296,0.3444
"Romero_et_al_2025","SL4","3","SL4-3","0","15","29.82",0.28252013263856,0.0968,0.248024619479331,"Raíces","Gray",0.02735,0.41022
"Romero_et_al_2025","SL4","3","SL4-3","15","30","35.39",0.320939512106647,0.0766,0.265571064085247,"Raíces","Gray",0.02458,0.36876
"Romero_et_al_2025","SL4","3","SL4-3","30","50","28.82",0.259592866150243,0.0866,0.242796967144061,"Raíces y una raíz grande","Gray",0.02248,0.44961
"Romero_et_al_2025","SL4","3","SL4-3","50","100","33.16",0.297185875604947,0.0821,0.267117770259385,"Raíces","Dark gray",0.0244,1.04916
"Romero_et_al_2025","SL4","4","SL4-4","0","15","35.18",0.333301752723828,0.1065,0.277510451999684,"Raíces","Dark gray",0.0355,0.53245
"Romero_et_al_2025","SL4","4","SL4-4","15","30","25.38",0.230162328829237,0.1038,0.227684578810442,"Raíces","Gray",0.02389,0.35836
"Romero_et_al_2025","SL4","4","SL4-4","30","50","25.42",0.228967753557918,0.086,0.250739790885776,"Raíces","Gray",0.01969,0.39382
"Romero_et_al_2025","SL4","4","SL4-4","50","100","37.37",0.334916651729701,0.0713,0.27817478040792,"20% raíces","Gray",0.02388,0.31043
"Romero_et_al_2025","SL4","5","SL4-5","0","15","24.94",0.236286120322122,0.1007,0.244126859827721,"Raíces","Gray",0.02379,0.35691
"Romero_et_al_2025","SL4","5","SL4-5","15","30","24.49",0.222091230615761,0.0993,0.23114676734308598,"Raíces","Dark gray",0.02205,0.3308
"Romero_et_al_2025","SL4","5","SL4-5","30","50","28.71",0.258602053684021,0.08839999999999999,0.248937830573138,"Raíces","Dark gray, very dark gray",0.02286,0.45721
"Romero_et_al_2025","SL4","5","SL4-5","50","100","36.18",0.324251658003226,0.0993,0.285917496443812,"Raíces","Very dark gray",0.0322,0.67616
"Romero_et_al_2025","SL4","6","SL4-6","0","15","35.83",0.339459971577451,0.0922,0.286502478810171,"Raíces","Gray",0.0313,0.46947
"Romero_et_al_2025","SL4","6","SL4-6","15","30","40.98",0.371633263807019,0.0962,0.29704262104958,"Raíces","Dark gray",0.03575,0.53627
"Romero_et_al_2025","SL4","6","SL4-6","30","50","30.16",0.271662763466042,0.0832,0.244151218327532,"Raíces","Dark gray",0.0226,0.45205
"Romero_et_al_2025","SL4","6","SL4-6","50","100","30.71",0.275228535579853,0.0673,0.269788280769569,"20% raíz","Dark gray",0.01852,0.92614
"Romero_et_al_2025","SL5","1","SL5-1","0","15","40.14",0.380293699668404,0.0904,0.308697992770899,"Raíces","Gray, dark gray",0.03438,0.51568
"Romero_et_al_2025","SL5","1","SL5-1","15","30","32.78",0.297270336446903,0.1419,0.25344054430184,"Raíces","Very dark gray",0.04218,0.63274
"Romero_et_al_2025","SL5","1","SL5-1","30","50","31.62",0.284813547108629,0.1655,0.244547563805104,"Raíces","Very dark gray",0.04714,0.94273
"Romero_et_al_2025","SL5","1","SL5-1","50","100","32.2",0.288582183186951,0.1394,0.253523344618534,"Raíces y una raíz grande","Very dark gray",0.04023,1.68959
"Romero_et_al_2025","SL5","2","SL5-2","0","15","32.22",0.30525817148271,0.1058,0.275125949961575,"Raíces","Gray",0.0323,0.48444
"Romero_et_al_2025","SL5","2","SL5-2","15","30","29.82",0.270427133399837,0.183,0.245999010064346,"Raíces y tres raíz grandes","Very dark gray",0.04949,0.74232
"Romero_et_al_2025","SL5","2","SL5-2","30","50","34.22",0.308232750855702,0.1606,0.261620795107034,"Raíces y una raíz grande","Very dark gray",0.0495,0.99004
"Romero_et_al_2025","SL5","2","SL5-2","50","100","29.48",0.264205054669296,0.1437,0.242593811718236,"Raíces","Very dark gray",0.03797,1.63255
"Romero_et_al_2025","SL5","3","SL5-3","0","15","22.61",0.214211274277594,0.17129999999999998,0.23908216136195398,"Raíces y una raíz grande","Dark gray",0.03669,0.55042
"Romero_et_al_2025","SL5","3","SL5-3","15","30","31.33",0.284120794413712,0.175,0.258221379708234,"Raíces","Very dark gray",0.04972,0.74582
"Romero_et_al_2025","SL5","3","SL5-3","30","50","29.94",0.269681138533598,0.1791,0.24168550209880502,"Raíces y una raíz grande","Very dark gray",0.0483,0.966
"Romero_et_al_2025","SL5","3","SL5-3","50","100","33.26",0.298082093565155,0.147,0.256853811105105,"Raíces y dos raíz grandes","Very dark gray",0.04382,2.14709
"Romero_et_al_2025","SL5","4","SL5-4","0","15","28.27",0.26783514921838,0.1497,0.257163649595197,"Raíces y una raíz grande","Dark gray",0.04009,0.60142
"Romero_et_al_2025","SL5","4","SL5-4","15","30","28.78",0.260995737734651,0.19899999999999998,0.23142489546478,"Raíces","Very dark gray",0.05194,0.77907
"Romero_et_al_2025","SL5","4","SL5-4","30","50","29.48",0.265537740947577,0.1776,0.243113969981857,"Raíces y una raíz grande","Very dark gray",0.04716,0.94319
"Romero_et_al_2025","SL5","4","SL5-4","50","100","32.39",0.290284997311346,0.1391,0.255562569038977,"Raíces y una raíz grande","Black",0.04038,1.77666
"Romero_et_al_2025","SL5","5","SL5-5","0","15","30.17",0.285836096636665,0.20600000000000002,0.250706332059166,"Raíces","Grayish brown",0.05888,0.88323
"Romero_et_al_2025","SL5","5","SL5-5","15","30","27.8",0.25210846105015,0.1953,0.23047587464765398,"Raíces y una raíz grande","Very dark gray",0.04924,0.73855
"Romero_et_al_2025","SL5","5","SL5-5","30","50","24.07",0.216807782381553,0.18059999999999998,0.202763035970011,"Raíces","Very dark gray",0.03916,0.78311
"Romero_et_al_2025","SL5","5","SL5-5","50","100","22.5",0.201649041046783,0.1539,0.208584407156763,"Raíces","Very dark gray",0.03103,1.55169
"Romero_et_al_2025","SL5","6","SL5-6","0","15","30.36",0.287636191378494,0.19469999999999998,0.25374007521939,"Raíces y una raíz grande","Dark gray",0.056,0.84004
"Romero_et_al_2025","SL5","6","SL5-6","15","30","29.98",0.271878117348327,0.19329999999999997,0.245818301082322,"Raíces y una raíz grande","Very dark gray",0.05255,0.78831
"Romero_et_al_2025","SL5","6","SL5-6","30","50","29.21",0.263105746712304,0.2097,0.23412952869509498,"Raíces","Black",0.05517,1.10347
"Romero_et_al_2025","SL5","6","SL5-6","50","100","22.06",0.197705682021868,0.17170000000000002,0.22255851493139597,"Raíces","Black",0.03395,1.256
"Romero_et_al_2025","SL6","1","SL6-1","0","15","26.9",0.254855518711511,0.1514,0.232517935863082,"Raíces y una raíz grande","Dark gray",0.03859,0.57878
"Romero_et_al_2025","SL6","1","SL6-1","15","30","27.19",0.246576584746531,0.122,0.253330848784124,"Raíces y tres raíz grandes","Very dark gray",0.03008,0.45124
"Romero_et_al_2025","SL6","1","SL6-1","30","50","36.34",0.327328409295622,0.1067,0.273850791258478,"Raíces","Dark gray",0.03493,0.69852
"Romero_et_al_2025","SL6","1","SL6-1","50","100","24.56",0.220111131027066,0.1017,0.263293310463122,"Raíces y una raíz grande","Very dark gray",0.02239,1.11927
"Romero_et_al_2025","SL6","2","SL6-2","0","15","29.75",0.281856939838939,0.1319,0.234510483998108,"Raíces","Dark gray",0.03718,0.55765
"Romero_et_al_2025","SL6","2","SL6-2","15","30","27.07",0.245488346785164,0.1358,0.233866090712743,"Raíces","Dark gray",0.03334,0.50006
"Romero_et_al_2025","SL6","2","SL6-2","30","50","31.28",0.281751035849396,0.1124,0.23423693275423102,"20% raíces y dos raíz grandes","Dark gray",0.03167,0.63338
"Romero_et_al_2025","SL6","3","SL6-3","0","15","23.66",0.224159166271909,0.1359,0.20484848484848497,"Raíces y dos troncos grandes","Dark gray",0.03046,0.45695
"Romero_et_al_2025","SL6","3","SL6-3","15","30","23.66",0.214564251382969,0.121,0.2026205360966,"Raíces","Dark gray",0.02596,0.38943
"Romero_et_al_2025","SL6","3","SL6-3","30","50","24.09",0.216987930102684,0.1489,0.199305038471085,"Raíces","Very dark gray",0.03231,0.64619
"Romero_et_al_2025","SL6","3","SL6-3","50","100","18.46",0.165441835454383,0.09570000000000001,0.18584516258934902,"10% raíz","Dark gray",0.01583,0.22166
"Romero_et_al_2025","SL6","4","SL6-4","0","15","28.15",0.266698247276172,0.12,0.22686976144423,"Raíces","Very dark gray",0.032,0.48006
"Romero_et_al_2025","SL6","4","SL6-4","15","30","24.64",0.223451528067471,0.1383,0.19422985968784498,"Raíces","Very dark gray",0.0309,0.46355
"Romero_et_al_2025","SL6","4","SL6-4","30","50","21.37",0.192487840028824,0.12029999999999999,0.19955177887758002,"Raíces y dos raíz grandes","Dark gray",0.02316,0.46313
"Romero_et_al_2025","SL6","4","SL6-4","50","100","20.4",0.182828463882416,0.1502,0.193585120516227,"Raíces y dos raíz grandes","Dark gray",0.02746,0.71398
"Romero_et_al_2025","SL6","5","SL6-5","0","15","24.56",0.232685930838465,0.1412,0.196779104238442,"Poca raíz","Dark gray",0.03286,0.49283
"Romero_et_al_2025","SL6","5","SL6-5","15","30","28.72",0.260451618753968,0.1074,0.217180883242589,"Poca raíz","Dark gray",0.02797,0.41959
"Romero_et_al_2025","SL6","5","SL6-5","30","50","25.25",0.227436497928301,0.09699999999999999,0.217447468136411,"Raíces y dos raíz grandes","Dark gray",0.02206,0.44123
"Romero_et_al_2025","SL6","5","SL6-5","50","100","31.17",0.279351138196809,0.0913,0.274577167019027,"Raíces y dos raíz grandes","Dark gray",0.0255,0.40808
"Romero_et_al_2025","SL6","6","SL6-6","0","15","20.27",0.192041686404548,0.16820000000000002,0.19794921875,"Raíces y dos raíz grandes","Gray",0.0323,0.48452
"Romero_et_al_2025","SL6","6","SL6-6","15","30","23.81",0.215924548834679,0.1294,0.20217372845376602,"Raíces y una raíz grande","Dark gray",0.02794,0.41911
"Romero_et_al_2025","SL6","6","SL6-6","30","50","24.89",0.224193838947937,0.11259999999999999,0.197383029341792,"Raíces y una raíz grande","Dark gray",0.02524,0.35342
"Romero_et_al_2025","SL7","1","SL7-1","0","15","72.44",0.686309805779251,0.047,0.47130774235523704,"25% raíz","Gray",0.03226,0.48385
"Romero_et_al_2025","SL7","1","SL7-1","15","30","45.05",0.408542667996735,0.0652,0.349712777519019,"30% raíz y una raíz grande","Gray",0.02664,0.39955
"Romero_et_al_2025","SL7","1","SL7-1","30","50","66.29",0.597099621689786,0.0434,0.428728495666796,"60% raíces","Gray",0.02591,0.51828
"Romero_et_al_2025","SL7","1","SL7-1","50","100","57.98",0.519627173328554,0.054000000000000006,0.388423661820862,"30% raíces","Gray",0.02806,1.12239
"Romero_et_al_2025","SL7","2","SL7-2","0","15","64.9",0.614874467077214,0.0392,0.43881000676132503,"Raíces","Gray",0.0241,0.36155
"Romero_et_al_2025","SL7","2","SL7-2","15","30","64.35",0.58356760678335,0.043899999999999995,0.43692286800651803,"25% raíz","Gray",0.02562,0.38428
"Romero_et_al_2025","SL7","2","SL7-2","30","50","61.22",0.551432174382994,0.0444,0.416264363908343,"Poca raíz","Gray",0.02448,0.48967
"Romero_et_al_2025","SL7","2","SL7-2","50","100","43.24",0.387524645993906,0.0623,0.332257568772092,"30% raíz","Gray",0.024140000000000002,1.20714
"Romero_et_al_2025","SL7","3","SL7-3","0","15","58.12",0.550639507342492,0.0471,0.450298287750833,"Raíces y dos raíz grandes","Gray",0.02594,0.38903
"Romero_et_al_2025","SL7","3","SL7-3","15","30","61.61",0.558719506665458,0.0461,0.437167388064997,"Raíces y dos raíz grandes","Gray",0.02576,0.38635
"Romero_et_al_2025","SL7","3","SL7-3","30","50","61.32",0.552332912988651,0.0493,0.424066390041494,"Raíces y tres raíz grandes","Gray",0.02723,0.5446
"Romero_et_al_2025","SL7","3","SL7-3","50","100","31.39",0.281322817709267,0.0941,0.292598806860552,"Raíces y cinco raíz grandes","Gray",0.02647,1.32362
"Romero_et_al_2025","SL7","4","SL7-4","0","15","45.9",0.434864992894363,0.0802,0.374418794355168,"Raíces y una raíz grande","Gray",0.03488,0.52314
"Romero_et_al_2025","SL7","4","SL7-4","15","30","41.68",0.377981318581663,0.08439999999999999,0.329329962073325,"Raíces y una raíz grande","Gray",0.0319,0.47852
"Romero_et_al_2025","SL7","4","SL7-4","30","50","52.66",0.474328949738786,0.0699,0.371945189998587,"Raíces","Gray",0.03316,0.66311
"Romero_et_al_2025","SL7","4","SL7-4","50","100","36.68",0.328732747804266,0.0771,0.311719214753123,"Raíces y tres raíz grandes","Gray",0.02535,1.26726
"Romero_et_al_2025","SL7","5","SL7-5","0","15","36.07",0.341733775461866,0.142,0.296384552177486,"Raíces y una raíz grande","Gray",0.04853,0.72789
"Romero_et_al_2025","SL7","5","SL7-5","15","30","30.38",0.275505577219552,0.12890000000000001,0.27268647338659,"Raíces y tres raíz grandes","Gray",0.03551,0.53269
"Romero_et_al_2025","SL7","5","SL7-5","30","50","37.61",0.338767789587462,0.10710000000000001,0.295026670850329,"Raíces y una raíz grande","Gray",0.03628,1.8141
"Romero_et_al_2025","SL7","5","SL7-5","50","100","41.95",0.375963434307224,0.0689,0.34114011547531903,"50% raíz","Gray",0.0259,2.59039
"Romero_et_al_2025","SL7","6","SL7-6","0","15","26.29",0.249076267171956,0.2189,0.21680686128979001,"Pocas raíces","Very dark gray",0.05452,0.81784
"Romero_et_al_2025","SL7","6","SL7-6","15","30","27.74",0.251564342069466,0.1996,0.21875246431669398,"Pocas raíces","Very dark gray",0.05021,0.75318
"Romero_et_al_2025","SL7","6","SL7-6","30","50","26.51",0.238785804359575,0.2079,0.220916666666667,"Pocas raíces","Very dark gray",0.04964,0.99287
"Romero_et_al_2025","SL7","6","SL7-6","50","100","46.93",0.420595088725578,0.06570000000000001,0.34313080353878805,"Pocas raíces y una raíz grande","Gray",0.02763,1.38165
"Romero_et_al_2025","SL8","1","SL8-1","0","15","31.75",0.300805305542397,0.1775,0.248182599859298,"Raíces y seis raíz medianas","Very dark gray",0.05339,0.80089
"Romero_et_al_2025","SL8","1","SL8-1","15","30","27.19",0.246576584746531,0.188,0.224358445416288,"Raíces y una raíz grande","Very dark gray",0.04636,0.69535
"Romero_et_al_2025","SL8","1","SL8-1","30","50","36.13",0.325436858223743,0.1315,0.269225037257824,"Raíces y una raíz grande","Very dark gray",0.04279,0.8559
"Romero_et_al_2025","SL8","1","SL8-1","50","100","34.44",0.308657465495609,0.11460000000000001,0.260238778902826,"Raíces y una raíz grande","Very dark gray",0.03537,1.76861
"Romero_et_al_2025","SL8","2","SL8-2","0","15","32.21",0.305163429654192,0.17989999999999998,0.253322847031066,"Raíces y una raíz grande","Very dark gray",0.0549,0.82348
"Romero_et_al_2025","SL8","2","SL8-2","15","30","32.09",0.29101296816904,0.14550000000000002,0.252776683733753,"Raíces","Very dark gray",0.04234,0.63514
"Romero_et_al_2025","SL8","2","SL8-2","30","50","37.41",0.336966312376148,0.09789999999999999,0.283537971805366,"Raíces y una raíz grande","Very dark gray",0.03299,0.65978
"Romero_et_al_2025","SL8","2","SL8-2","50","100","27.34",0.245025990320846,0.1331,0.22938165953519601,"Raíces y una raíz grande","Very dark gray",0.03261,1.10884
"Romero_et_al_2025","SL8","3","SL8-3","0","15","37.17",0.352155376598768,0.18350000000000002,0.279978909310033,"Raíces","Very dark gray",0.06462,0.96931
"Romero_et_al_2025","SL8","3","SL8-3","15","30","35.39",0.320939512106647,0.15560000000000002,0.282667731629393,"Raíces y tres raíz grandes","Very dark gray",0.04994,0.74907
"Romero_et_al_2025","SL8","3","SL8-3","30","50","33.93",0.305620608899297,0.1399,0.260259262100176,"Raíces y una raíz grande","Very dark gray",0.04276,0.85513
"Romero_et_al_2025","SL8","3","SL8-3","50","100","22.24",0.199318874350242,0.2339,0.190069224852577,"Raíces y una raíz grande","Very dark gray",0.04662,2.33103
"Romero_et_al_2025","SL8","4","SL8-4","0","15","37.54",0.355660824253908,0.1574,0.295613827860461,"Raíces","Very dark gray",0.05598,0.83972
"Romero_et_al_2025","SL8","4","SL8-4","15","30","32.74",0.296907590459781,0.1451,0.278212100611829,"Raíces y dos raíz grandes","Very dark gray",0.04308,0.64622
"Romero_et_al_2025","SL8","4","SL8-4","30","50","32.76",0.295081967213115,0.1393,0.26618997318599197,"Raíces y una raíz grande","Very dark gray",0.0411,0.8221
"Romero_et_al_2025","SL8","4","SL8-4","50","100","30.62",0.274421939415666,0.1602,0.246042587384492,"Raíces y una raíz grande","Black",0.04396,1.62661
"Romero_et_al_2025","SL8","5","SL8-5","0","15","28.72",0.272098531501658,0.12710000000000002,0.251224632610217,"Raíces","Very dark gray",0.03458,0.51876
"Romero_et_al_2025","SL8","5","SL8-5","15","30","31.4",0.284755599891176,0.1393,0.238946807701088,"Raíces","Very dark gray",0.03967,0.595
"Romero_et_al_2025","SL8","5","SL8-5","30","50","28.48",0.256530354891011,0.1492,0.221100846207593,"Raíces y una raíz grande","Very dark gray",0.03827,0.76549
"Romero_et_al_2025","SL8","5","SL8-5","50","100","32.37",0.290105753719305,0.1394,0.245562130177515,"Raíces y una raíz grande","Very dark gray",0.04044,2.02204
"Romero_et_al_2025","SL9","1","SL9-1","0","15","40.74",0.385978209379441,0.0742,0.313408723747981,"Raíces y dos raíz grandes","Gray",0.02864,0.42959
"Romero_et_al_2025","SL9","1","SL9-1","15","30","37.89",0.343611136301805,0.053,0.32415091111301203,"Pocas raíces","Gray",0.01821,0.27317
"Romero_et_al_2025","SL9","1","SL9-1","30","50","55.31",0.498198522788687,0.038599999999999995,0.397370500754364,"Raíces","Gray",0.01923,0.38461
"Romero_et_al_2025","SL9","1","SL9-1","50","100","53.94",0.483419967736153,0.049100000000000005,0.37887195336096097,"Pocas raíces","Gray",0.02374,0.83076
"Romero_et_al_2025","SL9","2","SL9-2","0","15","42.36",0.401326385599242,0.057300000000000004,0.33707328718071106,"Raíces","Gray",0.023,0.34494
"Romero_et_al_2025","SL9","2","SL9-2","15","30","34.14",0.309603700009069,0.0626,0.28142774709422097,"Raíces y dos raíz grande","Gray",0.01938,0.38762
"Romero_et_al_2025","SL9","2","SL9-2","30","50","35.3",0.317960727796793,0.07690000000000001,0.27662408902123703,"30% raíz","Gray",0.02445,0.48902
"Romero_et_al_2025","SL9","2","SL9-2","50","100","40.34",0.361534325147876,0.0696,0.302671068427371,"Raíces","Gray",0.02516,0.57874
"Romero_et_al_2025","SL9","3","SL9-3","0","15","38.01",0.360113690194221,0.0649,0.299574401008827,"Pocas raíces y una raíz grande","Gray",0.02337,0.35057
"Romero_et_al_2025","SL9","3","SL9-3","15","30","30.23",0.274145279767843,0.1025,0.245752377855459,"Raíces y una raíz grande","Gray",0.0281,0.4215
"Romero_et_al_2025","SL9","3","SL9-3","30","50","28.38",0.255629616285354,0.0733,0.23941285641977403,"Raíces y dos raíz grande","Gray",0.01874,0.37475
"Romero_et_al_2025","SL9","3","SL9-3","50","100","35.73",0.320218677182291,0.0666,0.265749349200446,"Pocas raíces","Black",0.021329999999999998,0.51184
"Romero_et_al_2025","SL9","4","SL9-4","0","15","39.99",0.378872572240644,0.0692,0.315976611883692,"Raíces y una raíz grande","Gray",0.02622,0.39327
"Romero_et_al_2025","SL9","4","SL9-4","15","30","29.74",0.269701641425592,0.1108,0.241004862236629,"Raíces y una raíz grande","Gray",0.02988,0.44824
"Romero_et_al_2025","SL9","4","SL9-4","30","50","22.95",0.206719509998199,0.135,0.207542051003798,"Raíces","Dark gray",0.02791,0.55814
"Romero_et_al_2025","SL9","5","SL9-5","0","15","32.99",0.312553292278541,0.1036,0.262596513571599,"Raíces, una hoja y una raíz grande","Gray",0.03238,0.48571
"Romero_et_al_2025","SL9","5","SL9-5","15","30","40.8",0.370000906864968,0.0765,0.303865345944738,"Raíces","Gray",0.02831,0.42458
"Romero_et_al_2025","SL9","5","SL9-5","30","50","40.28",0.362817510358494,0.0729,0.33078755029974505,"Raíces y dos raíz grandes","Gray",0.02645,0.52899
"Romero_et_al_2025","SL9","5","SL9-5","50","100","33.68",0.301846208998028,0.0735,0.26084262701363103,"Raíces y tres raíz grandes","Gray",0.02219,0.35497
"Romero_et_al_2025","SL9","6","SL9-6","0","15","32.43",0.307247749881573,0.13269999999999998,0.262039431157078,"Raíces","Gray, Very dark gray",0.04077,0.61158
"Romero_et_al_2025","SL9","6","SL9-6","15","30","29.09",0.263807019134851,0.1365,0.253308951584814,"Raíces, y una raíz grande","Gray",0.03601,0.54014
"Romero_et_al_2025","SL9","6","SL9-6","30","50","35.33",0.31823094937849,0.1165,0.280463602445027,"Raíces","Gray",0.03707,0.74148
"Romero_et_al_2025","SL9","6","SL9-6","50","100","40.54",0.363326761068292,0.0898,0.31409312776013,"Raíces","Dark gray",0.03263,0.88092
